DISPOSITION,DISPOSITION,01.01.25.F2.300 - NYC.010525(1).csv
BUSINESS,BUSINESS,01.01.25.F2.300 - NYC.010525(1).csv
OWNER,OWNER,01.01.25.F2.300 - NYC.010525(1).csv
STATE,STATE,01.01.25.F2.300 - NYC.010525(1).csv
EMAIL,EMAIL,01.01.25.F2.300 - NYC.010525(1).csv
REQUESTED AMOUNT,REQUESTED AMOUNT,01.01.25.F2.300 - NYC.010525(1).csv
ANNUAL REVENUE,ANNUAL REVENUE,01.01.25.F2.300 - NYC.010525(1).csv
PHONE,PHONE,01.01.25.F2.300 - NYC.010525(1).csv
PHONE 1,PHONE 1,01.01.25.F2.300 - NYC.010525(1).csv
PHONE 2,PHONE 2,01.01.25.F2.300 - NYC.010525(1).csv
PHONE 2 LINE TYPE,PHONE 2 LINE TYPE,01.01.25.F2.300 - NYC.010525(1).csv
BUSINESS,BUSINESS,01.01.25.FA.176_ - NYC.0105.25.csv
TIB,TIB,01.01.25.FA.176_ - NYC.0105.25.csv
EMAIL,EMAIL,01.01.25.FA.176_ - NYC.0105.25.csv
OWNER,OWNER,01.01.25.FA.176_ - NYC.0105.25.csv
ADDRESS,ADDRESS,01.01.25.FA.176_ - NYC.0105.25.csv
CITY,CITY,01.01.25.FA.176_ - NYC.0105.25.csv
STATE,STATE,01.01.25.FA.176_ - NYC.0105.25.csv
ZIP,ZIP,01.01.25.FA.176_ - NYC.0105.25.csv
MONTHLY REVENUE,MONTHLY REVENUE,01.01.25.FA.176_ - NYC.0105.25.csv
PHONE,PHONE,01.01.25.FA.176_ - NYC.0105.25.csv
LINE TYPE,LINE TYPE,01.01.25.FA.176_ - NYC.0105.25.csv
PHONE 2,PHONE 2,01.01.25.FA.176_ - NYC.0105.25.csv
PHONE 2 LINE TYPE,PHONE 2 LINE TYPE,01.01.25.FA.176_ - NYC.0105.25.csv
BUSINESS,BUSINESS,01.03.25.FA.50_ - NYC.010525.csv
TIB,TIB,01.03.25.FA.50_ - NYC.010525.csv
EMAIL,EMAIL,01.03.25.FA.50_ - NYC.010525.csv
OWNER,OWNER,01.03.25.FA.50_ - NYC.010525.csv
ADDRESS,ADDRESS,01.03.25.FA.50_ - NYC.010525.csv
CITY,CITY,01.03.25.FA.50_ - NYC.010525.csv
STATE,STATE,01.03.25.FA.50_ - NYC.010525.csv
ZIP,ZIP,01.03.25.FA.50_ - NYC.010525.csv
MONTHLY REVENUE,MONTHLY REVENUE,01.03.25.FA.50_ - NYC.010525.csv
PHONE,PHONE,01.03.25.FA.50_ - NYC.010525.csv
LINE TYPE,LINE TYPE,01.03.25.FA.50_ - NYC.010525.csv
PHONE 2,PHONE 2,01.03.25.FA.50_ - NYC.010525.csv
PHONE 2 LINE TYPE,PHONE 2 LINE TYPE,01.03.25.FA.50_ - NYC.010525.csv
BUSINESS,BUSINESS,01.07.25.FA.200 - NYC.011425.csv
TIB,TIB,01.07.25.FA.200 - NYC.011425.csv
EMAIL,EMAIL,01.07.25.FA.200 - NYC.011425.csv
OWNER,OWNER,01.07.25.FA.200 - NYC.011425.csv
ADDRESS,ADDRESS,01.07.25.FA.200 - NYC.011425.csv
CITY,CITY,01.07.25.FA.200 - NYC.011425.csv
STATE,STATE,01.07.25.FA.200 - NYC.011425.csv
ZIP,ZIP,01.07.25.FA.200 - NYC.011425.csv
MONTHLY REVENUE,MONTHLY REVENUE,01.07.25.FA.200 - NYC.011425.csv
PHONE,PHONE,01.07.25.FA.200 - NYC.011425.csv
LINE TYPE,LINE TYPE,01.07.25.FA.200 - NYC.011425.csv
PHONE 2,PHONE 2,01.07.25.FA.200 - NYC.011425.csv
PHONE 2 LINE TYPE,PHONE 2 LINE TYPE,01.07.25.FA.200 - NYC.011425.csv
BUSINESS,BUSINESS,01.07.25.FA.200 - NYC.011425_1.csv
TIB,TIB,01.07.25.FA.200 - NYC.011425_1.csv
EMAIL,EMAIL,01.07.25.FA.200 - NYC.011425_1.csv
OWNER,OWNER,01.07.25.FA.200 - NYC.011425_1.csv
ADDRESS,ADDRESS,01.07.25.FA.200 - NYC.011425_1.csv
CITY,CITY,01.07.25.FA.200 - NYC.011425_1.csv
STATE,STATE,01.07.25.FA.200 - NYC.011425_1.csv
ZIP,ZIP,01.07.25.FA.200 - NYC.011425_1.csv
MONTHLY REVENUE,MONTHLY REVENUE,01.07.25.FA.200 - NYC.011425_1.csv
PHONE,PHONE,01.07.25.FA.200 - NYC.011425_1.csv
LINE TYPE,LINE TYPE,01.07.25.FA.200 - NYC.011425_1.csv
PHONE 2,PHONE 2,01.07.25.FA.200 - NYC.011425_1.csv
PHONE 2 LINE TYPE,PHONE 2 LINE TYPE,01.07.25.FA.200 - NYC.011425_1.csv
BUSINESS,BUSINESS,01.07.25.SMS - NYC.01.14.25.csv
OWNER,OWNER,01.07.25.SMS - NYC.01.14.25.csv
STATE,STATE,01.07.25.SMS - NYC.01.14.25.csv
PHONE,PHONE,01.07.25.SMS - NYC.01.14.25.csv
PHONE 2,PHONE 2,01.07.25.SMS - NYC.01.14.25.csv
EMAIL,EMAIL,01.07.25.SMS - NYC.01.14.25.csv
BUSINESS,BUSINESS,01.09.25.FA.163 - NYC.011425.csv
TIB,TIB,01.09.25.FA.163 - NYC.011425.csv
EMAIL,EMAIL,01.09.25.FA.163 - NYC.011425.csv
FIRST,FIRST,01.09.25.FA.163 - NYC.011425.csv
ADDRESS,ADDRESS,01.09.25.FA.163 - NYC.011425.csv
CITY,CITY,01.09.25.FA.163 - NYC.011425.csv
STATE,STATE,01.09.25.FA.163 - NYC.011425.csv
ZIP,ZIP,01.09.25.FA.163 - NYC.011425.csv
MONTHLY REVENUE,MONTHLY REVENUE,01.09.25.FA.163 - NYC.011425.csv
PHONE,PHONE,01.09.25.FA.163 - NYC.011425.csv
LINE TYPE,LINE TYPE,01.09.25.FA.163 - NYC.011425.csv
PHONE 2,PHONE 2,01.09.25.FA.163 - NYC.011425.csv
PHONE 2 LINE TYPE,PHONE 2 LINE TYPE,01.09.25.FA.163 - NYC.011425.csv
BUSINESS,BUSINESS,01.09.25.FA.163 - NYC.011425_1.csv
TIB,TIB,01.09.25.FA.163 - NYC.011425_1.csv
EMAIL,EMAIL,01.09.25.FA.163 - NYC.011425_1.csv
FIRST,FIRST,01.09.25.FA.163 - NYC.011425_1.csv
ADDRESS,ADDRESS,01.09.25.FA.163 - NYC.011425_1.csv
CITY,CITY,01.09.25.FA.163 - NYC.011425_1.csv
STATE,STATE,01.09.25.FA.163 - NYC.011425_1.csv
ZIP,ZIP,01.09.25.FA.163 - NYC.011425_1.csv
MONTHLY REVENUE,MONTHLY REVENUE,01.09.25.FA.163 - NYC.011425_1.csv
PHONE,PHONE,01.09.25.FA.163 - NYC.011425_1.csv
LINE TYPE,LINE TYPE,01.09.25.FA.163 - NYC.011425_1.csv
PHONE 2,PHONE 2,01.09.25.FA.163 - NYC.011425_1.csv
PHONE 2 LINE TYPE,PHONE 2 LINE TYPE,01.09.25.FA.163 - NYC.011425_1.csv
BUSINESS,BUSINESS,01.09.25.FA.163 - NYC.011425_2.csv
TIB,TIB,01.09.25.FA.163 - NYC.011425_2.csv
EMAIL,EMAIL,01.09.25.FA.163 - NYC.011425_2.csv
FIRST,FIRST,01.09.25.FA.163 - NYC.011425_2.csv
ADDRESS,ADDRESS,01.09.25.FA.163 - NYC.011425_2.csv
CITY,CITY,01.09.25.FA.163 - NYC.011425_2.csv
STATE,STATE,01.09.25.FA.163 - NYC.011425_2.csv
ZIP,ZIP,01.09.25.FA.163 - NYC.011425_2.csv
MONTHLY REVENUE,MONTHLY REVENUE,01.09.25.FA.163 - NYC.011425_2.csv
PHONE,PHONE,01.09.25.FA.163 - NYC.011425_2.csv
LINE TYPE,LINE TYPE,01.09.25.FA.163 - NYC.011425_2.csv
PHONE 2,PHONE 2,01.09.25.FA.163 - NYC.011425_2.csv
PHONE 2 LINE TYPE,PHONE 2 LINE TYPE,01.09.25.FA.163 - NYC.011425_2.csv
BUSINESS NAME,BUSINESS NAME,01.21.25.KALLS.200 - NYC.01.26.25(1).csv
OWNER NAME,OWNER NAME,01.21.25.KALLS.200 - NYC.01.26.25(1).csv
REQUESTED AMOUNT,REQUESTED AMOUNT,01.21.25.KALLS.200 - NYC.01.26.25(1).csv
ANNUAL REVENUE,ANNUAL REVENUE,01.21.25.KALLS.200 - NYC.01.26.25(1).csv
STATE,STATE,01.21.25.KALLS.200 - NYC.01.26.25(1).csv
EMAIL,EMAIL,01.21.25.KALLS.200 - NYC.01.26.25(1).csv
PHONE,PHONE,01.21.25.KALLS.200 - NYC.01.26.25(1).csv
LINE TYPE,LINE TYPE,01.21.25.KALLS.200 - NYC.01.26.25(1).csv
PHONE 2,PHONE 2,01.21.25.KALLS.200 - NYC.01.26.25(1).csv
PHONE 2 LINE TYPE,PHONE 2 LINE TYPE,01.21.25.KALLS.200 - NYC.01.26.25(1).csv
NAME,NAME,01-02-24 Aged Submission Leads(3)(5)_Aged Leads.csv
EMAIL,EMAIL,01-02-24 Aged Submission Leads(3)(5)_Aged Leads.csv
PHONE NUMBER,PHONE NUMBER,01-02-24 Aged Submission Leads(3)(5)_Aged Leads.csv
COMPANY,COMPANY,01-02-24 Aged Submission Leads(3)(5)_Aged Leads.csv
ANNUAL GROSS,ANNUAL GROSS,01-02-24 Aged Submission Leads(3)(5)_Aged Leads.csv
FILE DATE,FILE DATE,02.08.2023. UCC 5010(8)_Sheet1.csv
COMPANY NAME,COMPANY NAME,02.08.2023. UCC 5010(8)_Sheet1.csv
FIRST NAME,FIRST NAME,02.08.2023. UCC 5010(8)_Sheet1.csv
LAST NAME,LAST NAME,02.08.2023. UCC 5010(8)_Sheet1.csv
CELL PHONE,CELL PHONE,02.08.2023. UCC 5010(8)_Sheet1.csv
ADDRESS,ADDRESS,02.08.2023. UCC 5010(8)_Sheet1.csv
CITY,CITY,02.08.2023. UCC 5010(8)_Sheet1.csv
STATE,STATE,02.08.2023. UCC 5010(8)_Sheet1.csv
ZIP,ZIP,02.08.2023. UCC 5010(8)_Sheet1.csv
SECURED PARTY NAME,SECURED PARTY NAME,02.08.2023. UCC 5010(8)_Sheet1.csv
PHONE,PHONE,02.09.25.FUNDED.EMAILS.CELLS.2559.xlsx - NYC.02.10.25.csv
LINE TYPE,LINE TYPE,02.09.25.FUNDED.EMAILS.CELLS.2559.xlsx - NYC.02.10.25.csv
FIRST,FIRST,02.09.25.FUNDED.EMAILS.CELLS.2559.xlsx - NYC.02.10.25.csv
LAST,LAST,02.09.25.FUNDED.EMAILS.CELLS.2559.xlsx - NYC.02.10.25.csv
BUSINESS,BUSINESS,02.09.25.FUNDED.EMAILS.CELLS.2559.xlsx - NYC.02.10.25.csv
EMAIL,EMAIL,02.09.25.FUNDED.EMAILS.CELLS.2559.xlsx - NYC.02.10.25.csv
FUNDED AMOUNT,FUNDED AMOUNT,02.09.25.FUNDED.EMAILS.CELLS.2559.xlsx - NYC.02.10.25.csv
TERM,TERM,02.09.25.FUNDED.EMAILS.CELLS.2559.xlsx - NYC.02.10.25.csv
RATE,RATE,02.09.25.FUNDED.EMAILS.CELLS.2559.xlsx - NYC.02.10.25.csv
STATUS,STATUS,02.09.25.FUNDED.EMAILS.CELLS.2559.xlsx - NYC.02.10.25.csv
FILE DATE,FILE DATE,02.20.2023. UCC 4770(9)_Sheet1.csv
COMPANY NAME,COMPANY NAME,02.20.2023. UCC 4770(9)_Sheet1.csv
FIRST NAME,FIRST NAME,02.20.2023. UCC 4770(9)_Sheet1.csv
LAST NAME,LAST NAME,02.20.2023. UCC 4770(9)_Sheet1.csv
CELL PHONE,CELL PHONE,02.20.2023. UCC 4770(9)_Sheet1.csv
ADDRESS,ADDRESS,02.20.2023. UCC 4770(9)_Sheet1.csv
CITY,CITY,02.20.2023. UCC 4770(9)_Sheet1.csv
STATE,STATE,02.20.2023. UCC 4770(9)_Sheet1.csv
ZIP,ZIP,02.20.2023. UCC 4770(9)_Sheet1.csv
SECURED PARTY NAME,SECURED PARTY NAME,02.20.2023. UCC 4770(9)_Sheet1.csv
NAME,NAME,02-12-24 Aged Submission Leads(2)(1)_Aged Leads.csv
EMAIL,EMAIL,02-12-24 Aged Submission Leads(2)(1)_Aged Leads.csv
PHONE NUMBER,PHONE NUMBER,02-12-24 Aged Submission Leads(2)(1)_Aged Leads.csv
COMPANY,COMPANY,02-12-24 Aged Submission Leads(2)(1)_Aged Leads.csv
ANNUAL GROSS,ANNUAL GROSS,02-12-24 Aged Submission Leads(2)(1)_Aged Leads.csv
FILE DATE,FILE DATE,03.07.2023. UCC 4800(8)_Sheet1.csv
COMPANY NAME,COMPANY NAME,03.07.2023. UCC 4800(8)_Sheet1.csv
FIRST NAME,FIRST NAME,03.07.2023. UCC 4800(8)_Sheet1.csv
LAST NAME,LAST NAME,03.07.2023. UCC 4800(8)_Sheet1.csv
CELL PHONE,CELL PHONE,03.07.2023. UCC 4800(8)_Sheet1.csv
ADDRESS,ADDRESS,03.07.2023. UCC 4800(8)_Sheet1.csv
CITY,CITY,03.07.2023. UCC 4800(8)_Sheet1.csv
STATE,STATE,03.07.2023. UCC 4800(8)_Sheet1.csv
ZIP,ZIP,03.07.2023. UCC 4800(8)_Sheet1.csv
SECURED PARTY NAME,SECURED PARTY NAME,03.07.2023. UCC 4800(8)_Sheet1.csv
BUSINESS,BUSINESS,03.11.2025 200.xlsx - NYC.03.133.25(2).csv
TIB,TIB,03.11.2025 200.xlsx - NYC.03.133.25(2).csv
PHONE,PHONE,03.11.2025 200.xlsx - NYC.03.133.25(2).csv
PHONE 2,PHONE 2,03.11.2025 200.xlsx - NYC.03.133.25(2).csv
EMAIL,EMAIL,03.11.2025 200.xlsx - NYC.03.133.25(2).csv
OWNER,OWNER,03.11.2025 200.xlsx - NYC.03.133.25(2).csv
ADDRESS,ADDRESS,03.11.2025 200.xlsx - NYC.03.133.25(2).csv
CITY,CITY,03.11.2025 200.xlsx - NYC.03.133.25(2).csv
STATE,STATE,03.11.2025 200.xlsx - NYC.03.133.25(2).csv
ZIP,ZIP,03.11.2025 200.xlsx - NYC.03.133.25(2).csv
MONTHLY REVENUE,MONTHLY REVENUE,03.11.2025 200.xlsx - NYC.03.133.25(2).csv
BUSINESS,BUSINESS,03.12.2025 200.xlsx - NYC.03.13.25(1).csv
INDUSTRY,INDUSTRY,03.12.2025 200.xlsx - NYC.03.13.25(1).csv
TIB,TIB,03.12.2025 200.xlsx - NYC.03.13.25(1).csv
PHONE,PHONE,03.12.2025 200.xlsx - NYC.03.13.25(1).csv
PHONE 2,PHONE 2,03.12.2025 200.xlsx - NYC.03.13.25(1).csv
EMAIL,EMAIL,03.12.2025 200.xlsx - NYC.03.13.25(1).csv
OWNER,OWNER,03.12.2025 200.xlsx - NYC.03.13.25(1).csv
ADDRESS,ADDRESS,03.12.2025 200.xlsx - NYC.03.13.25(1).csv
CITY,CITY,03.12.2025 200.xlsx - NYC.03.13.25(1).csv
STATE,STATE,03.12.2025 200.xlsx - NYC.03.13.25(1).csv
ZIP,ZIP,03.12.2025 200.xlsx - NYC.03.13.25(1).csv
MONTHLY REVENUE,MONTHLY REVENUE,03.12.2025 200.xlsx - NYC.03.13.25(1).csv
BUSINESS,BUSINESS,03.13.25.FA.172_ - NYC.03.13.25(1)(2).csv
TIB,TIB,03.13.25.FA.172_ - NYC.03.13.25(1)(2).csv
EMAIL,EMAIL,03.13.25.FA.172_ - NYC.03.13.25(1)(2).csv
OWNER,OWNER,03.13.25.FA.172_ - NYC.03.13.25(1)(2).csv
ADDRESS,ADDRESS,03.13.25.FA.172_ - NYC.03.13.25(1)(2).csv
CITY,CITY,03.13.25.FA.172_ - NYC.03.13.25(1)(2).csv
STATE,STATE,03.13.25.FA.172_ - NYC.03.13.25(1)(2).csv
ZIP,ZIP,03.13.25.FA.172_ - NYC.03.13.25(1)(2).csv
MONTHLY GROSS,MONTHLY GROSS,03.13.25.FA.172_ - NYC.03.13.25(1)(2).csv
PHONE,PHONE,03.13.25.FA.172_ - NYC.03.13.25(1)(2).csv
LINE TYPE,LINE TYPE,03.13.25.FA.172_ - NYC.03.13.25(1)(2).csv
FILE DATE,FILE DATE,03.15.2024. UCC 4356(4)_Sheet1.csv
COMPANY NAME,COMPANY NAME,03.15.2024. UCC 4356(4)_Sheet1.csv
FIRST NAME,FIRST NAME,03.15.2024. UCC 4356(4)_Sheet1.csv
LAST NAME,LAST NAME,03.15.2024. UCC 4356(4)_Sheet1.csv
CELL PHONE,CELL PHONE,03.15.2024. UCC 4356(4)_Sheet1.csv
ADDRESS,ADDRESS,03.15.2024. UCC 4356(4)_Sheet1.csv
CITY,CITY,03.15.2024. UCC 4356(4)_Sheet1.csv
STATE,STATE,03.15.2024. UCC 4356(4)_Sheet1.csv
ZIP,ZIP,03.15.2024. UCC 4356(4)_Sheet1.csv
SECURED PARTY NAME,SECURED PARTY NAME,03.15.2024. UCC 4356(4)_Sheet1.csv
FILE DATE,FILE DATE,03.23.2023. UCC 5100(8)_Sheet1.csv
COMPANY NAME,COMPANY NAME,03.23.2023. UCC 5100(8)_Sheet1.csv
FIRST NAME,FIRST NAME,03.23.2023. UCC 5100(8)_Sheet1.csv
LAST NAME,LAST NAME,03.23.2023. UCC 5100(8)_Sheet1.csv
CELL PHONE 1,CELL PHONE 1,03.23.2023. UCC 5100(8)_Sheet1.csv
ADDRESS,ADDRESS,03.23.2023. UCC 5100(8)_Sheet1.csv
CITY,CITY,03.23.2023. UCC 5100(8)_Sheet1.csv
STATE,STATE,03.23.2023. UCC 5100(8)_Sheet1.csv
ZIP,ZIP,03.23.2023. UCC 5100(8)_Sheet1.csv
SECURED PARTY NAME,SECURED PARTY NAME,03.23.2023. UCC 5100(8)_Sheet1.csv
BUSINESS,BUSINESS,0-3000 NYC.040325-FUNDED WITH POSITIONS _0-3000 NYC.040325.csv
TIB,TIB,0-3000 NYC.040325-FUNDED WITH POSITIONS _0-3000 NYC.040325.csv
PHONE,PHONE,0-3000 NYC.040325-FUNDED WITH POSITIONS _0-3000 NYC.040325.csv
LINE TYPE,LINE TYPE,0-3000 NYC.040325-FUNDED WITH POSITIONS _0-3000 NYC.040325.csv
PHONE 2,PHONE 2,0-3000 NYC.040325-FUNDED WITH POSITIONS _0-3000 NYC.040325.csv
PHONE 2 LINE TYPE,PHONE 2 LINE TYPE,0-3000 NYC.040325-FUNDED WITH POSITIONS _0-3000 NYC.040325.csv
EMAIL,EMAIL,0-3000 NYC.040325-FUNDED WITH POSITIONS _0-3000 NYC.040325.csv
OWNER,OWNER,0-3000 NYC.040325-FUNDED WITH POSITIONS _0-3000 NYC.040325.csv
ADDRESS,ADDRESS,0-3000 NYC.040325-FUNDED WITH POSITIONS _0-3000 NYC.040325.csv
CITY,CITY,0-3000 NYC.040325-FUNDED WITH POSITIONS _0-3000 NYC.040325.csv
STATE,STATE,0-3000 NYC.040325-FUNDED WITH POSITIONS _0-3000 NYC.040325.csv
ZIP,ZIP,0-3000 NYC.040325-FUNDED WITH POSITIONS _0-3000 NYC.040325.csv
MONTHLY REVENUE,MONTHLY REVENUE,0-3000 NYC.040325-FUNDED WITH POSITIONS _0-3000 NYC.040325.csv
SOURCE,SOURCE,0-3000 NYC.040325-FUNDED WITH POSITIONS _0-3000 NYC.040325.csv
AVG MONTHLY DEPOSITS,AVG MONTHLY DEPOSITS,0-3000 NYC.040325-FUNDED WITH POSITIONS _0-3000 NYC.040325.csv
CURRENT POSITIONS,CURRENT POSITIONS,0-3000 NYC.040325-FUNDED WITH POSITIONS _0-3000 NYC.040325.csv
APPROVED,APPROVED,0-3000 NYC.040325-FUNDED WITH POSITIONS _0-3000 NYC.040325.csv
NAME,NAME,03-19-24 Aged Submission Leads(3)_Aged Leads.csv
EMAIL,EMAIL,03-19-24 Aged Submission Leads(3)_Aged Leads.csv
PHONE NUMBER,PHONE NUMBER,03-19-24 Aged Submission Leads(3)_Aged Leads.csv
COMPANY,COMPANY,03-19-24 Aged Submission Leads(3)_Aged Leads.csv
ANNUAL GROSS,ANNUAL GROSS,03-19-24 Aged Submission Leads(3)_Aged Leads.csv
NAME,NAME,03-27-24 Funded Deals(2)_Sheet1.csv
PHONE NUMBER,PHONE NUMBER,03-27-24 Funded Deals(2)_Sheet1.csv
EMAIL,EMAIL,03-27-24 Funded Deals(2)_Sheet1.csv
COMPANY,COMPANY,03-27-24 Funded Deals(2)_Sheet1.csv
CREDIT SCORE,CREDIT SCORE,03-27-24 Funded Deals(2)_Sheet1.csv
LOAN AMOUNT,LOAN AMOUNT,03-27-24 Funded Deals(2)_Sheet1.csv
REVENUE,REVENUE,03-27-24 Funded Deals(2)_Sheet1.csv
LINE TYPE,LINE TYPE,03-27-24 Funded Deals(2)_Sheet1.csv
FILE DATE,FILE DATE,04.04.2023 UCC 4637(7)_Sheet1.csv
COMPANY NAME,COMPANY NAME,04.04.2023 UCC 4637(7)_Sheet1.csv
FIRST NAME,FIRST NAME,04.04.2023 UCC 4637(7)_Sheet1.csv
LAST NAME,LAST NAME,04.04.2023 UCC 4637(7)_Sheet1.csv
CELL PHONE 1,CELL PHONE 1,04.04.2023 UCC 4637(7)_Sheet1.csv
ADDRESS,ADDRESS,04.04.2023 UCC 4637(7)_Sheet1.csv
CITY,CITY,04.04.2023 UCC 4637(7)_Sheet1.csv
STATE,STATE,04.04.2023 UCC 4637(7)_Sheet1.csv
ZIP,ZIP,04.04.2023 UCC 4637(7)_Sheet1.csv
SECURED PARTY NAME,SECURED PARTY NAME,04.04.2023 UCC 4637(7)_Sheet1.csv
FILE DATE,FILE DATE,04.10.2024. UCC 5000(7)_Sheet1.csv
COMPANY NAME,COMPANY NAME,04.10.2024. UCC 5000(7)_Sheet1.csv
FIRST NAME,FIRST NAME,04.10.2024. UCC 5000(7)_Sheet1.csv
LAST NAME,LAST NAME,04.10.2024. UCC 5000(7)_Sheet1.csv
CELL PHONE,CELL PHONE,04.10.2024. UCC 5000(7)_Sheet1.csv
ADDRESS,ADDRESS,04.10.2024. UCC 5000(7)_Sheet1.csv
CITY,CITY,04.10.2024. UCC 5000(7)_Sheet1.csv
STATE,STATE,04.10.2024. UCC 5000(7)_Sheet1.csv
ZIP,ZIP,04.10.2024. UCC 5000(7)_Sheet1.csv
SECURED PARTY NAME,SECURED PARTY NAME,04.10.2024. UCC 5000(7)_Sheet1.csv
FILE DATE,FILE DATE,04.25.2022 UCC 10000(6)_Sheet1.csv
COMPANY NAME,COMPANY NAME,04.25.2022 UCC 10000(6)_Sheet1.csv
FIRST NAME,FIRST NAME,04.25.2022 UCC 10000(6)_Sheet1.csv
LAST NAME,LAST NAME,04.25.2022 UCC 10000(6)_Sheet1.csv
CELL PHONE 1,CELL PHONE 1,04.25.2022 UCC 10000(6)_Sheet1.csv
ADDRESS,ADDRESS,04.25.2022 UCC 10000(6)_Sheet1.csv
CITY,CITY,04.25.2022 UCC 10000(6)_Sheet1.csv
STATE,STATE,04.25.2022 UCC 10000(6)_Sheet1.csv
ZIP,ZIP,04.25.2022 UCC 10000(6)_Sheet1.csv
SECURED PARTY NAME,SECURED PARTY NAME,04.25.2022 UCC 10000(6)_Sheet1.csv
FILE DATE,FILE DATE,04.25.2023 UCC 4150(10)_Sheet1.csv
COMPANY NAME,COMPANY NAME,04.25.2023 UCC 4150(10)_Sheet1.csv
FIRST NAME,FIRST NAME,04.25.2023 UCC 4150(10)_Sheet1.csv
LAST NAME,LAST NAME,04.25.2023 UCC 4150(10)_Sheet1.csv
CELL PHONE 1,CELL PHONE 1,04.25.2023 UCC 4150(10)_Sheet1.csv
ADDRESS,ADDRESS,04.25.2023 UCC 4150(10)_Sheet1.csv
CITY,CITY,04.25.2023 UCC 4150(10)_Sheet1.csv
STATE,STATE,04.25.2023 UCC 4150(10)_Sheet1.csv
ZIP,ZIP,04.25.2023 UCC 4150(10)_Sheet1.csv
SECURED PARTY NAME,SECURED PARTY NAME,04.25.2023 UCC 4150(10)_Sheet1.csv
BUSINESS,BUSINESS,040825.FA.328_.xlsx - NYC.042325(2).csv
TIB,TIB,040825.FA.328_.xlsx - NYC.042325(2).csv
EMAIL,EMAIL,040825.FA.328_.xlsx - NYC.042325(2).csv
OWNER,OWNER,040825.FA.328_.xlsx - NYC.042325(2).csv
ADDRESS,ADDRESS,040825.FA.328_.xlsx - NYC.042325(2).csv
CITY,CITY,040825.FA.328_.xlsx - NYC.042325(2).csv
STATE,STATE,040825.FA.328_.xlsx - NYC.042325(2).csv
ZIP,ZIP,040825.FA.328_.xlsx - NYC.042325(2).csv
MONTHLY REVENUE,MONTHLY REVENUE,040825.FA.328_.xlsx - NYC.042325(2).csv
PHONE 2,PHONE 2,040825.FA.328_.xlsx - NYC.042325(2).csv
PHONE 2 LINE TYPE,PHONE 2 LINE TYPE,040825.FA.328_.xlsx - NYC.042325(2).csv
PHONE,PHONE,040825.FA.328_.xlsx - NYC.042325(2).csv
LINE TYPE,LINE TYPE,040825.FA.328_.xlsx - NYC.042325(2).csv
BUSINESS,BUSINESS,040825.FA.328_.xlsx - NYC.042325(2)_2.csv
TIB,TIB,040825.FA.328_.xlsx - NYC.042325(2)_2.csv
EMAIL,EMAIL,040825.FA.328_.xlsx - NYC.042325(2)_2.csv
OWNER,OWNER,040825.FA.328_.xlsx - NYC.042325(2)_2.csv
ADDRESS,ADDRESS,040825.FA.328_.xlsx - NYC.042325(2)_2.csv
CITY,CITY,040825.FA.328_.xlsx - NYC.042325(2)_2.csv
STATE,STATE,040825.FA.328_.xlsx - NYC.042325(2)_2.csv
ZIP,ZIP,040825.FA.328_.xlsx - NYC.042325(2)_2.csv
MONTHLY REVENUE,MONTHLY REVENUE,040825.FA.328_.xlsx - NYC.042325(2)_2.csv
PHONE 2,PHONE 2,040825.FA.328_.xlsx - NYC.042325(2)_2.csv
PHONE 2 LINE TYPE,PHONE 2 LINE TYPE,040825.FA.328_.xlsx - NYC.042325(2)_2.csv
PHONE,PHONE,040825.FA.328_.xlsx - NYC.042325(2)_2.csv
LINE TYPE,LINE TYPE,040825.FA.328_.xlsx - NYC.042325(2)_2.csv
BUSINESS,BUSINESS,040925.FA.250_.xlsx - NYC.04.23.25(2).csv
TIB,TIB,040925.FA.250_.xlsx - NYC.04.23.25(2).csv
EMAIL,EMAIL,040925.FA.250_.xlsx - NYC.04.23.25(2).csv
OWNER,OWNER,040925.FA.250_.xlsx - NYC.04.23.25(2).csv
ADDRESS,ADDRESS,040925.FA.250_.xlsx - NYC.04.23.25(2).csv
CITY,CITY,040925.FA.250_.xlsx - NYC.04.23.25(2).csv
STATE,STATE,040925.FA.250_.xlsx - NYC.04.23.25(2).csv
ZIP,ZIP,040925.FA.250_.xlsx - NYC.04.23.25(2).csv
MONTHLY REVENUE,MONTHLY REVENUE,040925.FA.250_.xlsx - NYC.04.23.25(2).csv
PHONE,PHONE,040925.FA.250_.xlsx - NYC.04.23.25(2).csv
LINE TYPE,LINE TYPE,040925.FA.250_.xlsx - NYC.04.23.25(2).csv
PHONE 2,PHONE 2,040925.FA.250_.xlsx - NYC.04.23.25(2).csv
PHONE 2 LINE TYPE,PHONE 2 LINE TYPE,040925.FA.250_.xlsx - NYC.04.23.25(2).csv
BUSINESS,BUSINESS,040925.FA.250_.xlsx - NYC.04.23.25(2)_2.csv
TIB,TIB,040925.FA.250_.xlsx - NYC.04.23.25(2)_2.csv
EMAIL,EMAIL,040925.FA.250_.xlsx - NYC.04.23.25(2)_2.csv
OWNER,OWNER,040925.FA.250_.xlsx - NYC.04.23.25(2)_2.csv
ADDRESS,ADDRESS,040925.FA.250_.xlsx - NYC.04.23.25(2)_2.csv
CITY,CITY,040925.FA.250_.xlsx - NYC.04.23.25(2)_2.csv
STATE,STATE,040925.FA.250_.xlsx - NYC.04.23.25(2)_2.csv
ZIP,ZIP,040925.FA.250_.xlsx - NYC.04.23.25(2)_2.csv
MONTHLY REVENUE,MONTHLY REVENUE,040925.FA.250_.xlsx - NYC.04.23.25(2)_2.csv
PHONE,PHONE,040925.FA.250_.xlsx - NYC.04.23.25(2)_2.csv
LINE TYPE,LINE TYPE,040925.FA.250_.xlsx - NYC.04.23.25(2)_2.csv
PHONE 2,PHONE 2,040925.FA.250_.xlsx - NYC.04.23.25(2)_2.csv
PHONE 2 LINE TYPE,PHONE 2 LINE TYPE,040925.FA.250_.xlsx - NYC.04.23.25(2)_2.csv
BUSINESS,BUSINESS,040925.FA.294_.xlsx - NYC.04.23.25(1).csv
TIB,TIB,040925.FA.294_.xlsx - NYC.04.23.25(1).csv
EMAIL,EMAIL,040925.FA.294_.xlsx - NYC.04.23.25(1).csv
OWNER,OWNER,040925.FA.294_.xlsx - NYC.04.23.25(1).csv
ADDRESS,ADDRESS,040925.FA.294_.xlsx - NYC.04.23.25(1).csv
CITY,CITY,040925.FA.294_.xlsx - NYC.04.23.25(1).csv
STATE,STATE,040925.FA.294_.xlsx - NYC.04.23.25(1).csv
ZIP,ZIP,040925.FA.294_.xlsx - NYC.04.23.25(1).csv
MONTHLY REVENUE,MONTHLY REVENUE,040925.FA.294_.xlsx - NYC.04.23.25(1).csv
PHONE 2,PHONE 2,040925.FA.294_.xlsx - NYC.04.23.25(1).csv
PHONE 2 LINE TYPE,PHONE 2 LINE TYPE,040925.FA.294_.xlsx - NYC.04.23.25(1).csv
PHONE,PHONE,040925.FA.294_.xlsx - NYC.04.23.25(1).csv
LINE TYPE,LINE TYPE,040925.FA.294_.xlsx - NYC.04.23.25(1).csv
BUSINESS,BUSINESS,040925.FA.294_.xlsx - NYC.04.23.25(1)_2.csv
TIB,TIB,040925.FA.294_.xlsx - NYC.04.23.25(1)_2.csv
EMAIL,EMAIL,040925.FA.294_.xlsx - NYC.04.23.25(1)_2.csv
OWNER,OWNER,040925.FA.294_.xlsx - NYC.04.23.25(1)_2.csv
ADDRESS,ADDRESS,040925.FA.294_.xlsx - NYC.04.23.25(1)_2.csv
CITY,CITY,040925.FA.294_.xlsx - NYC.04.23.25(1)_2.csv
STATE,STATE,040925.FA.294_.xlsx - NYC.04.23.25(1)_2.csv
ZIP,ZIP,040925.FA.294_.xlsx - NYC.04.23.25(1)_2.csv
MONTHLY REVENUE,MONTHLY REVENUE,040925.FA.294_.xlsx - NYC.04.23.25(1)_2.csv
PHONE 2,PHONE 2,040925.FA.294_.xlsx - NYC.04.23.25(1)_2.csv
PHONE 2 LINE TYPE,PHONE 2 LINE TYPE,040925.FA.294_.xlsx - NYC.04.23.25(1)_2.csv
PHONE,PHONE,040925.FA.294_.xlsx - NYC.04.23.25(1)_2.csv
LINE TYPE,LINE TYPE,040925.FA.294_.xlsx - NYC.04.23.25(1)_2.csv
FILE DATE,FILE DATE,05.09.2024. UCC 4600(7)_Sheet1.csv
COMPANY NAME,COMPANY NAME,05.09.2024. UCC 4600(7)_Sheet1.csv
FIRST NAME,FIRST NAME,05.09.2024. UCC 4600(7)_Sheet1.csv
LAST NAME,LAST NAME,05.09.2024. UCC 4600(7)_Sheet1.csv
CELL PHONE,CELL PHONE,05.09.2024. UCC 4600(7)_Sheet1.csv
ADDRESS,ADDRESS,05.09.2024. UCC 4600(7)_Sheet1.csv
CITY,CITY,05.09.2024. UCC 4600(7)_Sheet1.csv
STATE,STATE,05.09.2024. UCC 4600(7)_Sheet1.csv
ZIP,ZIP,05.09.2024. UCC 4600(7)_Sheet1.csv
SECURED PARTY NAME,SECURED PARTY NAME,05.09.2024. UCC 4600(7)_Sheet1.csv
FILE DATE,FILE DATE,05.10.2023. UCC 4875(16)_Sheet1.csv
COMPANY NAME,COMPANY NAME,05.10.2023. UCC 4875(16)_Sheet1.csv
FIRST NAME,FIRST NAME,05.10.2023. UCC 4875(16)_Sheet1.csv
LAST NAME,LAST NAME,05.10.2023. UCC 4875(16)_Sheet1.csv
CELL PHONE 1,CELL PHONE 1,05.10.2023. UCC 4875(16)_Sheet1.csv
ADDRESS,ADDRESS,05.10.2023. UCC 4875(16)_Sheet1.csv
CITY,CITY,05.10.2023. UCC 4875(16)_Sheet1.csv
STATE,STATE,05.10.2023. UCC 4875(16)_Sheet1.csv
ZIP,ZIP,05.10.2023. UCC 4875(16)_Sheet1.csv
SECURED PARTY NAME,SECURED PARTY NAME,05.10.2023. UCC 4875(16)_Sheet1.csv
FILE DATE,FILE DATE,05.23.2023. UCC 4500(13)_Sheet1.csv
COMPANY NAME,COMPANY NAME,05.23.2023. UCC 4500(13)_Sheet1.csv
FIRST NAME,FIRST NAME,05.23.2023. UCC 4500(13)_Sheet1.csv
LAST NAME,LAST NAME,05.23.2023. UCC 4500(13)_Sheet1.csv
CELL PHONE 1,CELL PHONE 1,05.23.2023. UCC 4500(13)_Sheet1.csv
ADDRESS,ADDRESS,05.23.2023. UCC 4500(13)_Sheet1.csv
CITY,CITY,05.23.2023. UCC 4500(13)_Sheet1.csv
STATE,STATE,05.23.2023. UCC 4500(13)_Sheet1.csv
ZIP,ZIP,05.23.2023. UCC 4500(13)_Sheet1.csv
SECURED PARTY NAME,SECURED PARTY NAME,05.23.2023. UCC 4500(13)_Sheet1.csv
FIRST NAME,FIRST NAME,05-20 25K A list_2_Sheet1.csv
LAST NAME,LAST NAME,05-20 25K A list_2_Sheet1.csv
PHONE NUMBER,PHONE NUMBER,05-20 25K A list_2_Sheet1.csv
NUMBERTYPE,NUMBERTYPE,05-20 25K A list_2_Sheet1.csv
PHONE 2,PHONE 2,05-20 25K A list_2_Sheet1.csv
PHONE 3,PHONE 3,05-20 25K A list_2_Sheet1.csv
COMPANY,COMPANY,05-20 25K A list_2_Sheet1.csv
EMAIL,EMAIL,05-20 25K A list_2_Sheet1.csv
ADDRESS,ADDRESS,05-20 25K A list_2_Sheet1.csv
CITY,CITY,05-20 25K A list_2_Sheet1.csv
STATE,STATE,05-20 25K A list_2_Sheet1.csv
ZIP,ZIP,05-20 25K A list_2_Sheet1.csv
DATE BUSINESS STARTED,DATE BUSINESS STARTED,05-20 25K A list_2_Sheet1.csv
MONTHLY REVENUE,MONTHLY REVENUE,05-20 25K A list_2_Sheet1.csv
TAX ID,TAX ID,05-20 25K A list_2_Sheet1.csv
FIRST NAME,FIRST NAME,05-20 25K A list_Sheet1.csv
LAST NAME,LAST NAME,05-20 25K A list_Sheet1.csv
PHONE NUMBER,PHONE NUMBER,05-20 25K A list_Sheet1.csv
NUMBERTYPE,NUMBERTYPE,05-20 25K A list_Sheet1.csv
PHONE 2,PHONE 2,05-20 25K A list_Sheet1.csv
PHONE 3,PHONE 3,05-20 25K A list_Sheet1.csv
COMPANY,COMPANY,05-20 25K A list_Sheet1.csv
EMAIL,EMAIL,05-20 25K A list_Sheet1.csv
ADDRESS,ADDRESS,05-20 25K A list_Sheet1.csv
CITY,CITY,05-20 25K A list_Sheet1.csv
STATE,STATE,05-20 25K A list_Sheet1.csv
ZIP,ZIP,05-20 25K A list_Sheet1.csv
DATE BUSINESS STARTED,DATE BUSINESS STARTED,05-20 25K A list_Sheet1.csv
MONTHLY REVENUE,MONTHLY REVENUE,05-20 25K A list_Sheet1.csv
TAX ID,TAX ID,05-20 25K A list_Sheet1.csv
FIRST NAME,FIRST NAME,05-20-25 High Revenue Subs(1)_2_Sheet1.csv
LAST NAME,LAST NAME,05-20-25 High Revenue Subs(1)_2_Sheet1.csv
﻿MOBILE PHONE,﻿MOBILE PHONE,05-20-25 High Revenue Subs(1)_2_Sheet1.csv
EMAIL,EMAIL,05-20-25 High Revenue Subs(1)_2_Sheet1.csv
COMPANY,COMPANY,05-20-25 High Revenue Subs(1)_2_Sheet1.csv
REVENUE,REVENUE,05-20-25 High Revenue Subs(1)_2_Sheet1.csv
FIRST NAME,FIRST NAME,05-20-25 High Revenue Subs(1)_Sheet1.csv
LAST NAME,LAST NAME,05-20-25 High Revenue Subs(1)_Sheet1.csv
﻿MOBILE PHONE,﻿MOBILE PHONE,05-20-25 High Revenue Subs(1)_Sheet1.csv
EMAIL,EMAIL,05-20-25 High Revenue Subs(1)_Sheet1.csv
COMPANY,COMPANY,05-20-25 High Revenue Subs(1)_Sheet1.csv
REVENUE,REVENUE,05-20-25 High Revenue Subs(1)_Sheet1.csv
FILE DATE,FILE DATE,06.04.2022. UCC 10000(6)_Sheet1.csv
COMPANY NAME,COMPANY NAME,06.04.2022. UCC 10000(6)_Sheet1.csv
FIRST NAME,FIRST NAME,06.04.2022. UCC 10000(6)_Sheet1.csv
LAST NAME,LAST NAME,06.04.2022. UCC 10000(6)_Sheet1.csv
CELL PHONE,CELL PHONE,06.04.2022. UCC 10000(6)_Sheet1.csv
ADDRESS,ADDRESS,06.04.2022. UCC 10000(6)_Sheet1.csv
CITY,CITY,06.04.2022. UCC 10000(6)_Sheet1.csv
STATE,STATE,06.04.2022. UCC 10000(6)_Sheet1.csv
ZIP,ZIP,06.04.2022. UCC 10000(6)_Sheet1.csv
SECURED PARTY NAME,SECURED PARTY NAME,06.04.2022. UCC 10000(6)_Sheet1.csv
FILE DATE,FILE DATE,06.12.2023. UCC 5000(7)_Sheet1.csv
COMPANY NAME,COMPANY NAME,06.12.2023. UCC 5000(7)_Sheet1.csv
FIRST NAME,FIRST NAME,06.12.2023. UCC 5000(7)_Sheet1.csv
LAST NAME,LAST NAME,06.12.2023. UCC 5000(7)_Sheet1.csv
CELL PHONE 1,CELL PHONE 1,06.12.2023. UCC 5000(7)_Sheet1.csv
ADDRESS,ADDRESS,06.12.2023. UCC 5000(7)_Sheet1.csv
CITY,CITY,06.12.2023. UCC 5000(7)_Sheet1.csv
STATE,STATE,06.12.2023. UCC 5000(7)_Sheet1.csv
ZIP,ZIP,06.12.2023. UCC 5000(7)_Sheet1.csv
SECURED PARTY NAME,SECURED PARTY NAME,06.12.2023. UCC 5000(7)_Sheet1.csv
FILE DATE,FILE DATE,06.19.2024. UCC 5400(4)_Sheet1.csv
COMPANY NAME,COMPANY NAME,06.19.2024. UCC 5400(4)_Sheet1.csv
FIRST NAME,FIRST NAME,06.19.2024. UCC 5400(4)_Sheet1.csv
LAST NAME,LAST NAME,06.19.2024. UCC 5400(4)_Sheet1.csv
CELL PHONE,CELL PHONE,06.19.2024. UCC 5400(4)_Sheet1.csv
ADDRESS,ADDRESS,06.19.2024. UCC 5400(4)_Sheet1.csv
CITY,CITY,06.19.2024. UCC 5400(4)_Sheet1.csv
STATE,STATE,06.19.2024. UCC 5400(4)_Sheet1.csv
ZIP,ZIP,06.19.2024. UCC 5400(4)_Sheet1.csv
SECURED PARTY NAME,SECURED PARTY NAME,06.19.2024. UCC 5400(4)_Sheet1.csv
FILE DATE,FILE DATE,06.22.2022. UCC 10000(10)_Sheet1.csv
COMPANY NAME,COMPANY NAME,06.22.2022. UCC 10000(10)_Sheet1.csv
FIRST NAME,FIRST NAME,06.22.2022. UCC 10000(10)_Sheet1.csv
LAST NAME,LAST NAME,06.22.2022. UCC 10000(10)_Sheet1.csv
CELL PHONE,CELL PHONE,06.22.2022. UCC 10000(10)_Sheet1.csv
ADDRESS,ADDRESS,06.22.2022. UCC 10000(10)_Sheet1.csv
CITY,CITY,06.22.2022. UCC 10000(10)_Sheet1.csv
STATE,STATE,06.22.2022. UCC 10000(10)_Sheet1.csv
ZIP,ZIP,06.22.2022. UCC 10000(10)_Sheet1.csv
SECURED PARTY NAME,SECURED PARTY NAME,06.22.2022. UCC 10000(10)_Sheet1.csv
BUSINESS NAME,BUSINESS NAME,06-13-23 Fresh Decline Leads(2)_Sheet1.csv
OWNER  NAME,OWNER  NAME,06-13-23 Fresh Decline Leads(2)_Sheet1.csv
BUSINESS NUMBER 1,BUSINESS NUMBER 1,06-13-23 Fresh Decline Leads(2)_Sheet1.csv
BUSINESS NUMBER 2,BUSINESS NUMBER 2,06-13-23 Fresh Decline Leads(2)_Sheet1.csv
EMAIL,EMAIL,06-13-23 Fresh Decline Leads(2)_Sheet1.csv
CREDIT SCORE,CREDIT SCORE,06-13-23 Fresh Decline Leads(2)_Sheet1.csv
ESTIMATED ANNUAL REVENUE,ESTIMATED ANNUAL REVENUE,06-13-23 Fresh Decline Leads(2)_Sheet1.csv
FILE DATE,FILE DATE,07.06.2022. UCC 6000(9)_Sheet1.csv
COMPANY NAME,COMPANY NAME,07.06.2022. UCC 6000(9)_Sheet1.csv
FIRST NAME,FIRST NAME,07.06.2022. UCC 6000(9)_Sheet1.csv
LAST NAME,LAST NAME,07.06.2022. UCC 6000(9)_Sheet1.csv
CELL PHONE,CELL PHONE,07.06.2022. UCC 6000(9)_Sheet1.csv
ADDRESS,ADDRESS,07.06.2022. UCC 6000(9)_Sheet1.csv
CITY,CITY,07.06.2022. UCC 6000(9)_Sheet1.csv
STATE,STATE,07.06.2022. UCC 6000(9)_Sheet1.csv
ZIP,ZIP,07.06.2022. UCC 6000(9)_Sheet1.csv
SECURED PARTY NAME,SECURED PARTY NAME,07.06.2022. UCC 6000(9)_Sheet1.csv
FILE DATE,FILE DATE,07.15.2022. UCC 4000(5)_Sheet1.csv
COMPANY NAME,COMPANY NAME,07.15.2022. UCC 4000(5)_Sheet1.csv
FIRST NAME,FIRST NAME,07.15.2022. UCC 4000(5)_Sheet1.csv
LAST NAME,LAST NAME,07.15.2022. UCC 4000(5)_Sheet1.csv
CELL PHONE,CELL PHONE,07.15.2022. UCC 4000(5)_Sheet1.csv
ADDRESS,ADDRESS,07.15.2022. UCC 4000(5)_Sheet1.csv
CITY,CITY,07.15.2022. UCC 4000(5)_Sheet1.csv
STATE,STATE,07.15.2022. UCC 4000(5)_Sheet1.csv
ZIP,ZIP,07.15.2022. UCC 4000(5)_Sheet1.csv
SECURED PARTY NAME,SECURED PARTY NAME,07.15.2022. UCC 4000(5)_Sheet1.csv
FILE DATE,FILE DATE,07.16.2024. UCC 4600(4)_Sheet1.csv
COMPANY NAME,COMPANY NAME,07.16.2024. UCC 4600(4)_Sheet1.csv
FIRST NAME,FIRST NAME,07.16.2024. UCC 4600(4)_Sheet1.csv
LAST NAME,LAST NAME,07.16.2024. UCC 4600(4)_Sheet1.csv
CELL PHONE,CELL PHONE,07.16.2024. UCC 4600(4)_Sheet1.csv
ADDRESS,ADDRESS,07.16.2024. UCC 4600(4)_Sheet1.csv
CITY,CITY,07.16.2024. UCC 4600(4)_Sheet1.csv
STATE,STATE,07.16.2024. UCC 4600(4)_Sheet1.csv
ZIP,ZIP,07.16.2024. UCC 4600(4)_Sheet1.csv
SECURED PARTY NAME,SECURED PARTY NAME,07.16.2024. UCC 4600(4)_Sheet1.csv
FILE DATE,FILE DATE,07.19.2023. UCC 5000(7)_Sheet1.csv
COMPANY NAME,COMPANY NAME,07.19.2023. UCC 5000(7)_Sheet1.csv
FIRST NAME,FIRST NAME,07.19.2023. UCC 5000(7)_Sheet1.csv
LAST NAME,LAST NAME,07.19.2023. UCC 5000(7)_Sheet1.csv
CELL PHONE 1,CELL PHONE 1,07.19.2023. UCC 5000(7)_Sheet1.csv
ADDRESS,ADDRESS,07.19.2023. UCC 5000(7)_Sheet1.csv
CITY,CITY,07.19.2023. UCC 5000(7)_Sheet1.csv
STATE,STATE,07.19.2023. UCC 5000(7)_Sheet1.csv
ZIP,ZIP,07.19.2023. UCC 5000(7)_Sheet1.csv
SECURED PARTY NAME,SECURED PARTY NAME,07.19.2023. UCC 5000(7)_Sheet1.csv
FILE DATE,FILE DATE,07.29.2022 UCC 5000(10)_Sheet1.csv
COMPANY NAME,COMPANY NAME,07.29.2022 UCC 5000(10)_Sheet1.csv
FIRST NAME,FIRST NAME,07.29.2022 UCC 5000(10)_Sheet1.csv
LAST NAME,LAST NAME,07.29.2022 UCC 5000(10)_Sheet1.csv
CELL PHONE,CELL PHONE,07.29.2022 UCC 5000(10)_Sheet1.csv
ADDRESS,ADDRESS,07.29.2022 UCC 5000(10)_Sheet1.csv
CITY,CITY,07.29.2022 UCC 5000(10)_Sheet1.csv
STATE,STATE,07.29.2022 UCC 5000(10)_Sheet1.csv
ZIP,ZIP,07.29.2022 UCC 5000(10)_Sheet1.csv
SECURED PARTY NAME,SECURED PARTY NAME,07.29.2022 UCC 5000(10)_Sheet1.csv
BUSINESS NAME,BUSINESS NAME,07-12-23 Aged Decline Leads(3)_Sheet1.csv
OWNER  NAME,OWNER  NAME,07-12-23 Aged Decline Leads(3)_Sheet1.csv
BUSINESS NUMBER 1,BUSINESS NUMBER 1,07-12-23 Aged Decline Leads(3)_Sheet1.csv
BUSINESS NUMBER 2,BUSINESS NUMBER 2,07-12-23 Aged Decline Leads(3)_Sheet1.csv
EMAIL,EMAIL,07-12-23 Aged Decline Leads(3)_Sheet1.csv
CREDIT SCORE,CREDIT SCORE,07-12-23 Aged Decline Leads(3)_Sheet1.csv
ESTIMATED ANNUAL REVENUE,ESTIMATED ANNUAL REVENUE,07-12-23 Aged Decline Leads(3)_Sheet1.csv
STATE,STATE,07-12-23 Aged Decline Leads(3)_Sheet1.csv
NAME,NAME,07-12-23 Aged Submission Leads(3)_Aged Leads.csv
EMAIL,EMAIL,07-12-23 Aged Submission Leads(3)_Aged Leads.csv
PHONE NUMBER,PHONE NUMBER,07-12-23 Aged Submission Leads(3)_Aged Leads.csv
COMPANY,COMPANY,07-12-23 Aged Submission Leads(3)_Aged Leads.csv
ANNUAL GROSS,ANNUAL GROSS,07-12-23 Aged Submission Leads(3)_Aged Leads.csv
STATE,STATE,07-12-23 Aged Submission Leads(3)_Aged Leads.csv
BUSINESS NAME,BUSINESS NAME,07-12-23 Fresh Decline Leads(3)_Sheet1.csv
OWNER  NAME,OWNER  NAME,07-12-23 Fresh Decline Leads(3)_Sheet1.csv
BUSINESS NUMBER 1,BUSINESS NUMBER 1,07-12-23 Fresh Decline Leads(3)_Sheet1.csv
BUSINESS NUMBER 2,BUSINESS NUMBER 2,07-12-23 Fresh Decline Leads(3)_Sheet1.csv
EMAIL,EMAIL,07-12-23 Fresh Decline Leads(3)_Sheet1.csv
CREDIT SCORE,CREDIT SCORE,07-12-23 Fresh Decline Leads(3)_Sheet1.csv
ESTIMATED ANNUAL REVENUE,ESTIMATED ANNUAL REVENUE,07-12-23 Fresh Decline Leads(3)_Sheet1.csv
STATE,STATE,07-12-23 Fresh Decline Leads(3)_Sheet1.csv
NAME,NAME,07-16-24 Fresh Submissions(1)_Sheet1.csv
PHONE NUMBER,PHONE NUMBER,07-16-24 Fresh Submissions(1)_Sheet1.csv
EMAIL,EMAIL,07-16-24 Fresh Submissions(1)_Sheet1.csv
COMPANY,COMPANY,07-16-24 Fresh Submissions(1)_Sheet1.csv
MONTHLY REVENUE,MONTHLY REVENUE,07-16-24 Fresh Submissions(1)_Sheet1.csv
LINE TYPE,LINE TYPE,07-16-24 Fresh Submissions(1)_Sheet1.csv
NETWORK,NETWORK,07-16-24 Fresh Submissions(1)_Sheet1.csv
EMAIL VERIFIED,EMAIL VERIFIED,07-16-24 Fresh Submissions(1)_Sheet1.csv
PHONE STATUS,PHONE STATUS,07-16-24 Fresh Submissions(1)_Sheet1.csv
NAME,NAME,07-26-23 Aged Submission Leads(7)(1)_Aged Leads.csv
EMAIL,EMAIL,07-26-23 Aged Submission Leads(7)(1)_Aged Leads.csv
PHONE NUMBER,PHONE NUMBER,07-26-23 Aged Submission Leads(7)(1)_Aged Leads.csv
COMPANY,COMPANY,07-26-23 Aged Submission Leads(7)(1)_Aged Leads.csv
TIME IN BUSINESS,TIME IN BUSINESS,07-26-23 Aged Submission Leads(7)(1)_Aged Leads.csv
ANNUAL GROSS,ANNUAL GROSS,07-26-23 Aged Submission Leads(7)(1)_Aged Leads.csv
NAME,NAME,07-26-23 Aged Submission Leads(7)_Aged Leads.csv
EMAIL,EMAIL,07-26-23 Aged Submission Leads(7)_Aged Leads.csv
PHONE NUMBER,PHONE NUMBER,07-26-23 Aged Submission Leads(7)_Aged Leads.csv
COMPANY,COMPANY,07-26-23 Aged Submission Leads(7)_Aged Leads.csv
TIME IN BUSINESS,TIME IN BUSINESS,07-26-23 Aged Submission Leads(7)_Aged Leads.csv
ANNUAL GROSS,ANNUAL GROSS,07-26-23 Aged Submission Leads(7)_Aged Leads.csv
FILE DATE,FILE DATE,08.04.2023. UCC 5000(7)_Sheet1.csv
COMPANY NAME,COMPANY NAME,08.04.2023. UCC 5000(7)_Sheet1.csv
FIRST NAME,FIRST NAME,08.04.2023. UCC 5000(7)_Sheet1.csv
LAST NAME,LAST NAME,08.04.2023. UCC 5000(7)_Sheet1.csv
CELL PHONE 1,CELL PHONE 1,08.04.2023. UCC 5000(7)_Sheet1.csv
ADDRESS,ADDRESS,08.04.2023. UCC 5000(7)_Sheet1.csv
CITY,CITY,08.04.2023. UCC 5000(7)_Sheet1.csv
STATE,STATE,08.04.2023. UCC 5000(7)_Sheet1.csv
ZIP,ZIP,08.04.2023. UCC 5000(7)_Sheet1.csv
SECURED PARTY NAME,SECURED PARTY NAME,08.04.2023. UCC 5000(7)_Sheet1.csv
FILE DATE,FILE DATE,08.09.2022. UCC 5000(5)_Sheet1.csv
COMPANY NAME,COMPANY NAME,08.09.2022. UCC 5000(5)_Sheet1.csv
FIRST NAME,FIRST NAME,08.09.2022. UCC 5000(5)_Sheet1.csv
LAST NAME,LAST NAME,08.09.2022. UCC 5000(5)_Sheet1.csv
CELL PHONE,CELL PHONE,08.09.2022. UCC 5000(5)_Sheet1.csv
ADDRESS,ADDRESS,08.09.2022. UCC 5000(5)_Sheet1.csv
CITY,CITY,08.09.2022. UCC 5000(5)_Sheet1.csv
STATE,STATE,08.09.2022. UCC 5000(5)_Sheet1.csv
ZIP,ZIP,08.09.2022. UCC 5000(5)_Sheet1.csv
SECURED PARTY NAME,SECURED PARTY NAME,08.09.2022. UCC 5000(5)_Sheet1.csv
FILE DATE,FILE DATE,08.10.2024. UCC 5000_Sheet1.csv
COMPANY NAME,COMPANY NAME,08.10.2024. UCC 5000_Sheet1.csv
FIRST NAME,FIRST NAME,08.10.2024. UCC 5000_Sheet1.csv
LAST NAME,LAST NAME,08.10.2024. UCC 5000_Sheet1.csv
CELL PHONE,CELL PHONE,08.10.2024. UCC 5000_Sheet1.csv
ADDRESS,ADDRESS,08.10.2024. UCC 5000_Sheet1.csv
CITY,CITY,08.10.2024. UCC 5000_Sheet1.csv
STATE,STATE,08.10.2024. UCC 5000_Sheet1.csv
ZIP,ZIP,08.10.2024. UCC 5000_Sheet1.csv
SECURED PARTY NAME,SECURED PARTY NAME,08.10.2024. UCC 5000_Sheet1.csv
FILE DATE,FILE DATE,08.18.2022. UCC 5000(10)_Sheet1.csv
COMPANY NAME,COMPANY NAME,08.18.2022. UCC 5000(10)_Sheet1.csv
FIRST NAME,FIRST NAME,08.18.2022. UCC 5000(10)_Sheet1.csv
LAST NAME,LAST NAME,08.18.2022. UCC 5000(10)_Sheet1.csv
CELL PHONE,CELL PHONE,08.18.2022. UCC 5000(10)_Sheet1.csv
ADDRESS,ADDRESS,08.18.2022. UCC 5000(10)_Sheet1.csv
CITY,CITY,08.18.2022. UCC 5000(10)_Sheet1.csv
STATE,STATE,08.18.2022. UCC 5000(10)_Sheet1.csv
ZIP,ZIP,08.18.2022. UCC 5000(10)_Sheet1.csv
SECURED PARTY NAME,SECURED PARTY NAME,08.18.2022. UCC 5000(10)_Sheet1.csv
FILE DATE,FILE DATE,08.29.2022. UCC 5000(8)_Sheet1.csv
COMPANY NAME,COMPANY NAME,08.29.2022. UCC 5000(8)_Sheet1.csv
FIRST NAME,FIRST NAME,08.29.2022. UCC 5000(8)_Sheet1.csv
LAST NAME,LAST NAME,08.29.2022. UCC 5000(8)_Sheet1.csv
CELL PHONE,CELL PHONE,08.29.2022. UCC 5000(8)_Sheet1.csv
ADDRESS,ADDRESS,08.29.2022. UCC 5000(8)_Sheet1.csv
CITY,CITY,08.29.2022. UCC 5000(8)_Sheet1.csv
STATE,STATE,08.29.2022. UCC 5000(8)_Sheet1.csv
ZIP,ZIP,08.29.2022. UCC 5000(8)_Sheet1.csv
SECURED PARTY NAME,SECURED PARTY NAME,08.29.2022. UCC 5000(8)_Sheet1.csv
FIRST NAME,FIRST NAME,08-1-23 Fresh Submissions(2)(1)_Sheet1.csv
LAST NAME,LAST NAME,08-1-23 Fresh Submissions(2)(1)_Sheet1.csv
COMPANY,COMPANY,08-1-23 Fresh Submissions(2)(1)_Sheet1.csv
"﻿""MOBILE PHONE""","﻿""MOBILE PHONE""",08-1-23 Fresh Submissions(2)(1)_Sheet1.csv
EMAIL,EMAIL,08-1-23 Fresh Submissions(2)(1)_Sheet1.csv
REVENUE,REVENUE,08-1-23 Fresh Submissions(2)(1)_Sheet1.csv
FIRST NAME,FIRST NAME,08-1-23 Fresh Submissions(2)_Sheet1.csv
LAST NAME,LAST NAME,08-1-23 Fresh Submissions(2)_Sheet1.csv
COMPANY,COMPANY,08-1-23 Fresh Submissions(2)_Sheet1.csv
"﻿""MOBILE PHONE""","﻿""MOBILE PHONE""",08-1-23 Fresh Submissions(2)_Sheet1.csv
EMAIL,EMAIL,08-1-23 Fresh Submissions(2)_Sheet1.csv
REVENUE,REVENUE,08-1-23 Fresh Submissions(2)_Sheet1.csv
NAME,NAME,08-9-23 Aged Submission Leads(4)_Aged Leads.csv
EMAIL,EMAIL,08-9-23 Aged Submission Leads(4)_Aged Leads.csv
PHONE NUMBER,PHONE NUMBER,08-9-23 Aged Submission Leads(4)_Aged Leads.csv
COMPANY,COMPANY,08-9-23 Aged Submission Leads(4)_Aged Leads.csv
TIME IN BUSINESS,TIME IN BUSINESS,08-9-23 Aged Submission Leads(4)_Aged Leads.csv
ANNUAL GROSS,ANNUAL GROSS,08-9-23 Aged Submission Leads(4)_Aged Leads.csv
FILE DATE,FILE DATE,09.03.2024. UCC 4300(2)_Sheet1.csv
COMPANY NAME,COMPANY NAME,09.03.2024. UCC 4300(2)_Sheet1.csv
FIRST NAME,FIRST NAME,09.03.2024. UCC 4300(2)_Sheet1.csv
LAST NAME,LAST NAME,09.03.2024. UCC 4300(2)_Sheet1.csv
CELL PHONE,CELL PHONE,09.03.2024. UCC 4300(2)_Sheet1.csv
ADDRESS,ADDRESS,09.03.2024. UCC 4300(2)_Sheet1.csv
CITY,CITY,09.03.2024. UCC 4300(2)_Sheet1.csv
STATE,STATE,09.03.2024. UCC 4300(2)_Sheet1.csv
ZIP,ZIP,09.03.2024. UCC 4300(2)_Sheet1.csv
SECURED PARTY NAME,SECURED PARTY NAME,09.03.2024. UCC 4300(2)_Sheet1.csv
FILE DATE,FILE DATE,09.21.2022. UCC 5000(8)_Sheet1.csv
COMPANY NAME,COMPANY NAME,09.21.2022. UCC 5000(8)_Sheet1.csv
FIRST NAME,FIRST NAME,09.21.2022. UCC 5000(8)_Sheet1.csv
LAST NAME,LAST NAME,09.21.2022. UCC 5000(8)_Sheet1.csv
CELL PHONE,CELL PHONE,09.21.2022. UCC 5000(8)_Sheet1.csv
ADDRESS,ADDRESS,09.21.2022. UCC 5000(8)_Sheet1.csv
CITY,CITY,09.21.2022. UCC 5000(8)_Sheet1.csv
STATE,STATE,09.21.2022. UCC 5000(8)_Sheet1.csv
ZIP,ZIP,09.21.2022. UCC 5000(8)_Sheet1.csv
SECURED PARTY NAME,SECURED PARTY NAME,09.21.2022. UCC 5000(8)_Sheet1.csv
NAME,NAME,09-06-23 Aged Submission Leads(5)_Aged Leads.csv
EMAIL,EMAIL,09-06-23 Aged Submission Leads(5)_Aged Leads.csv
PHONE NUMBER,PHONE NUMBER,09-06-23 Aged Submission Leads(5)_Aged Leads.csv
COMPANY,COMPANY,09-06-23 Aged Submission Leads(5)_Aged Leads.csv
REVENUE,REVENUE,09-06-23 Aged Submission Leads(5)_Aged Leads.csv
FIRST NAME,FIRST NAME,09-10-24 High Revenue Submissions(6)_Sheet1.csv
LAST NAME,LAST NAME,09-10-24 High Revenue Submissions(6)_Sheet1.csv
COMPANY,COMPANY,09-10-24 High Revenue Submissions(6)_Sheet1.csv
MOBILE PHONE,MOBILE PHONE,09-10-24 High Revenue Submissions(6)_Sheet1.csv
EMAIL,EMAIL,09-10-24 High Revenue Submissions(6)_Sheet1.csv
REVENUE,REVENUE,09-10-24 High Revenue Submissions(6)_Sheet1.csv
FIRST NAME,FIRST NAME,09-6-23 Fresh Submissions(3)_Sheet1.csv
LAST NAME,LAST NAME,09-6-23 Fresh Submissions(3)_Sheet1.csv
PHONE NUMBER,PHONE NUMBER,09-6-23 Fresh Submissions(3)_Sheet1.csv
EMAIL,EMAIL,09-6-23 Fresh Submissions(3)_Sheet1.csv
COMPANY,COMPANY,09-6-23 Fresh Submissions(3)_Sheet1.csv
STATE,STATE,09-6-23 Fresh Submissions(3)_Sheet1.csv
BUSINESS NAME,BUSINESS NAME,1.15.25 Pro Cash Group - 1.15.25 Pro Cash Group-2000 STACKED (1)_1.15.25 Pro Cash Group  - 1.15..csv
DBA,DBA,1.15.25 Pro Cash Group - 1.15.25 Pro Cash Group-2000 STACKED (1)_1.15.25 Pro Cash Group  - 1.15..csv
ADDRESS,ADDRESS,1.15.25 Pro Cash Group - 1.15.25 Pro Cash Group-2000 STACKED (1)_1.15.25 Pro Cash Group  - 1.15..csv
OWNER,OWNER,1.15.25 Pro Cash Group - 1.15.25 Pro Cash Group-2000 STACKED (1)_1.15.25 Pro Cash Group  - 1.15..csv
FIRST NAME,FIRST NAME,1.15.25 Pro Cash Group - 1.15.25 Pro Cash Group-2000 STACKED (1)_1.15.25 Pro Cash Group  - 1.15..csv
LAST NAME,LAST NAME,1.15.25 Pro Cash Group - 1.15.25 Pro Cash Group-2000 STACKED (1)_1.15.25 Pro Cash Group  - 1.15..csv
DOB,DOB,1.15.25 Pro Cash Group - 1.15.25 Pro Cash Group-2000 STACKED (1)_1.15.25 Pro Cash Group  - 1.15..csv
EMAIL,EMAIL,1.15.25 Pro Cash Group - 1.15.25 Pro Cash Group-2000 STACKED (1)_1.15.25 Pro Cash Group  - 1.15..csv
BUSINESS PHONE,BUSINESS PHONE,1.15.25 Pro Cash Group - 1.15.25 Pro Cash Group-2000 STACKED (1)_1.15.25 Pro Cash Group  - 1.15..csv
ALT PHONE,ALT PHONE,1.15.25 Pro Cash Group - 1.15.25 Pro Cash Group-2000 STACKED (1)_1.15.25 Pro Cash Group  - 1.15..csv
MONTHLY VOLUME,MONTHLY VOLUME,1.15.25 Pro Cash Group - 1.15.25 Pro Cash Group-2000 STACKED (1)_1.15.25 Pro Cash Group  - 1.15..csv
POSITIONS,POSITIONS,1.15.25 Pro Cash Group - 1.15.25 Pro Cash Group-2000 STACKED (1)_1.15.25 Pro Cash Group  - 1.15..csv
BUSINESS NAME,BUSINESS NAME,1.16 Pro Cash Group 100.csv
DBA,DBA,1.16 Pro Cash Group 100.csv
E,E,1.16 Pro Cash Group 100.csv
ADDRESS,ADDRESS,1.16 Pro Cash Group 100.csv
OWNER 1,OWNER 1,1.16 Pro Cash Group 100.csv
D,D,1.16 Pro Cash Group 100.csv
MERCHANT EMAIL,MERCHANT EMAIL,1.16 Pro Cash Group 100.csv
BUSINESS PHONE,BUSINESS PHONE,1.16 Pro Cash Group 100.csv
ALT PHONE,ALT PHONE,1.16 Pro Cash Group 100.csv
MONTHLY VOLUME,MONTHLY VOLUME,1.16 Pro Cash Group 100.csv
POSITIONS,POSITIONS,1.16 Pro Cash Group 100.csv
BUSINESS NAME,BUSINESS NAME,1.17 Pro Cash 100.csv
DBA,DBA,1.17 Pro Cash 100.csv
ADDRESS,ADDRESS,1.17 Pro Cash 100.csv
OWNER 1,OWNER 1,1.17 Pro Cash 100.csv
D.O.B.,D.O.B.,1.17 Pro Cash 100.csv
MERCHANT EMAIL,MERCHANT EMAIL,1.17 Pro Cash 100.csv
BUSINESS PHONE,BUSINESS PHONE,1.17 Pro Cash 100.csv
ALT PHONE,ALT PHONE,1.17 Pro Cash 100.csv
MONTHLY VOLUME,MONTHLY VOLUME,1.17 Pro Cash 100.csv
POSITIONS,POSITIONS,1.17 Pro Cash 100.csv
BUSINESS,BUSINESS,1.22.25.FA.200_ - NYC.01.26.25(4).csv
TIB,TIB,1.22.25.FA.200_ - NYC.01.26.25(4).csv
EMAIL,EMAIL,1.22.25.FA.200_ - NYC.01.26.25(4).csv
OWNER,OWNER,1.22.25.FA.200_ - NYC.01.26.25(4).csv
ADDRESS,ADDRESS,1.22.25.FA.200_ - NYC.01.26.25(4).csv
CITY,CITY,1.22.25.FA.200_ - NYC.01.26.25(4).csv
STATE,STATE,1.22.25.FA.200_ - NYC.01.26.25(4).csv
ZIP,ZIP,1.22.25.FA.200_ - NYC.01.26.25(4).csv
MONTHLY REVENUE,MONTHLY REVENUE,1.22.25.FA.200_ - NYC.01.26.25(4).csv
PHONE,PHONE,1.22.25.FA.200_ - NYC.01.26.25(4).csv
LINE TYPE,LINE TYPE,1.22.25.FA.200_ - NYC.01.26.25(4).csv
PHONE 2,PHONE 2,1.22.25.FA.200_ - NYC.01.26.25(4).csv
PHONE 2 LINE TYPE,PHONE 2 LINE TYPE,1.22.25.FA.200_ - NYC.01.26.25(4).csv
BUSINESS,BUSINESS,1.8K - NYC.01.26.25(1).csv
TIB,TIB,1.8K - NYC.01.26.25(1).csv
PHONE,PHONE,1.8K - NYC.01.26.25(1).csv
LINE TYPE,LINE TYPE,1.8K - NYC.01.26.25(1).csv
PHONE 2,PHONE 2,1.8K - NYC.01.26.25(1).csv
EMAIL,EMAIL,1.8K - NYC.01.26.25(1).csv
OWNER,OWNER,1.8K - NYC.01.26.25(1).csv
ADDRESS,ADDRESS,1.8K - NYC.01.26.25(1).csv
CITY,CITY,1.8K - NYC.01.26.25(1).csv
STATE,STATE,1.8K - NYC.01.26.25(1).csv
ZIP,ZIP,1.8K - NYC.01.26.25(1).csv
REVENUE,REVENUE,1.8K - NYC.01.26.25(1).csv
TIMEZONE,TIMEZONE,1.8K - NYC.01.26.25(1).csv
FIRST,FIRST,10,000 mca live transfers 3-6 months with positions (1)_Sheet1.csv
LAST NAME,LAST NAME,10,000 mca live transfers 3-6 months with positions (1)_Sheet1.csv
PHONE NUMBER,PHONE NUMBER,10,000 mca live transfers 3-6 months with positions (1)_Sheet1.csv
COMPANY NAME:,COMPANY NAME:,10,000 mca live transfers 3-6 months with positions (1)_Sheet1.csv
YEARS IN BUSINESS:,YEARS IN BUSINESS:,10,000 mca live transfers 3-6 months with positions (1)_Sheet1.csv
AMOUNT REQUESTED:,AMOUNT REQUESTED:,10,000 mca live transfers 3-6 months with positions (1)_Sheet1.csv
MONTHLY GROSS,MONTHLY GROSS,10,000 mca live transfers 3-6 months with positions (1)_Sheet1.csv
EMAIL,EMAIL,10,000 mca live transfers 3-6 months with positions (1)_Sheet1.csv
FIRST,FIRST,10,000 mca live transfers 3-6 months with positions _Sheet1.csv
LAST NAME,LAST NAME,10,000 mca live transfers 3-6 months with positions _Sheet1.csv
PHONE NUMBER,PHONE NUMBER,10,000 mca live transfers 3-6 months with positions _Sheet1.csv
COMPANY NAME:,COMPANY NAME:,10,000 mca live transfers 3-6 months with positions _Sheet1.csv
YEARS IN BUSINESS:,YEARS IN BUSINESS:,10,000 mca live transfers 3-6 months with positions _Sheet1.csv
AMOUNT REQUESTED:,AMOUNT REQUESTED:,10,000 mca live transfers 3-6 months with positions _Sheet1.csv
MONTHLY GROSS,MONTHLY GROSS,10,000 mca live transfers 3-6 months with positions _Sheet1.csv
EMAIL,EMAIL,10,000 mca live transfers 3-6 months with positions _Sheet1.csv
FILE DATE,FILE DATE,10.03.2022. UCC 5000(8)_Sheet1.csv
COMPANY NAME,COMPANY NAME,10.03.2022. UCC 5000(8)_Sheet1.csv
FIRST NAME,FIRST NAME,10.03.2022. UCC 5000(8)_Sheet1.csv
LAST NAME,LAST NAME,10.03.2022. UCC 5000(8)_Sheet1.csv
CELL PHONE,CELL PHONE,10.03.2022. UCC 5000(8)_Sheet1.csv
ADDRESS,ADDRESS,10.03.2022. UCC 5000(8)_Sheet1.csv
CITY,CITY,10.03.2022. UCC 5000(8)_Sheet1.csv
STATE,STATE,10.03.2022. UCC 5000(8)_Sheet1.csv
ZIP,ZIP,10.03.2022. UCC 5000(8)_Sheet1.csv
SECURED PARTY NAME,SECURED PARTY NAME,10.03.2022. UCC 5000(8)_Sheet1.csv
FILE DATE,FILE DATE,10.04.2023. UCC 4754(5)_Sheet1.csv
COMPANY NAME,COMPANY NAME,10.04.2023. UCC 4754(5)_Sheet1.csv
FIRST NAME,FIRST NAME,10.04.2023. UCC 4754(5)_Sheet1.csv
LAST NAME,LAST NAME,10.04.2023. UCC 4754(5)_Sheet1.csv
CELL PHONE 1,CELL PHONE 1,10.04.2023. UCC 4754(5)_Sheet1.csv
ADDRESS,ADDRESS,10.04.2023. UCC 4754(5)_Sheet1.csv
CITY,CITY,10.04.2023. UCC 4754(5)_Sheet1.csv
STATE,STATE,10.04.2023. UCC 4754(5)_Sheet1.csv
ZIP,ZIP,10.04.2023. UCC 4754(5)_Sheet1.csv
SECURED PARTY NAME,SECURED PARTY NAME,10.04.2023. UCC 4754(5)_Sheet1.csv
FILE DATE,FILE DATE,10.17.2022. UCC 3800(5)_Sheet1.csv
COMPANY NAME,COMPANY NAME,10.17.2022. UCC 3800(5)_Sheet1.csv
FIRST NAME,FIRST NAME,10.17.2022. UCC 3800(5)_Sheet1.csv
LAST NAME,LAST NAME,10.17.2022. UCC 3800(5)_Sheet1.csv
CELL PHONE,CELL PHONE,10.17.2022. UCC 3800(5)_Sheet1.csv
ADDRESS,ADDRESS,10.17.2022. UCC 3800(5)_Sheet1.csv
CITY,CITY,10.17.2022. UCC 3800(5)_Sheet1.csv
STATE,STATE,10.17.2022. UCC 3800(5)_Sheet1.csv
ZIP,ZIP,10.17.2022. UCC 3800(5)_Sheet1.csv
SECURED PARTY NAME,SECURED PARTY NAME,10.17.2022. UCC 3800(5)_Sheet1.csv
FILE DATE,FILE DATE,10.27.2023. UCC 5500(10)_Sheet1.csv
COMPANY NAME,COMPANY NAME,10.27.2023. UCC 5500(10)_Sheet1.csv
FIRST NAME,FIRST NAME,10.27.2023. UCC 5500(10)_Sheet1.csv
LAST NAME,LAST NAME,10.27.2023. UCC 5500(10)_Sheet1.csv
CELL PHONE 1,CELL PHONE 1,10.27.2023. UCC 5500(10)_Sheet1.csv
ADDRESS,ADDRESS,10.27.2023. UCC 5500(10)_Sheet1.csv
CITY,CITY,10.27.2023. UCC 5500(10)_Sheet1.csv
STATE,STATE,10.27.2023. UCC 5500(10)_Sheet1.csv
ZIP,ZIP,10.27.2023. UCC 5500(10)_Sheet1.csv
SECURED PARTY NAME,SECURED PARTY NAME,10.27.2023. UCC 5500(10)_Sheet1.csv
BUSINESS NAMES,BUSINESS NAMES,100 leads - 23 and 24 Oct 2024_Sheet1.csv
BUSINESS START DATE,BUSINESS START DATE,100 leads - 23 and 24 Oct 2024_Sheet1.csv
EIN,EIN,100 leads - 23 and 24 Oct 2024_Sheet1.csv
MOBILE,MOBILE,100 leads - 23 and 24 Oct 2024_Sheet1.csv
EMAIL,EMAIL,100 leads - 23 and 24 Oct 2024_Sheet1.csv
OWNER NAME,OWNER NAME,100 leads - 23 and 24 Oct 2024_Sheet1.csv
BIRTH DATE,BIRTH DATE,100 leads - 23 and 24 Oct 2024_Sheet1.csv
STATE,STATE,100 leads - 23 and 24 Oct 2024_Sheet1.csv
FIRST NAME,FIRST NAME,100 leads - 3 April 2025_04.03.2025  Live Leads - Ross.c.csv
LAST NAME,LAST NAME,100 leads - 3 April 2025_04.03.2025  Live Leads - Ross.c.csv
DOB,DOB,100 leads - 3 April 2025_04.03.2025  Live Leads - Ross.c.csv
BUSINESS NAME,BUSINESS NAME,100 leads - 3 April 2025_04.03.2025  Live Leads - Ross.c.csv
DBA,DBA,100 leads - 3 April 2025_04.03.2025  Live Leads - Ross.c.csv
INDUSTRY,INDUSTRY,100 leads - 3 April 2025_04.03.2025  Live Leads - Ross.c.csv
BUSINESS START DATE,BUSINESS START DATE,100 leads - 3 April 2025_04.03.2025  Live Leads - Ross.c.csv
EIN,EIN,100 leads - 3 April 2025_04.03.2025  Live Leads - Ross.c.csv
"BUSINESS ADDRESS STREET,"BUSINESS ADDRESS STREET,100 leads - 3 April 2025_04.03.2025  Live Leads - Ross.c.csv
CITY,CITY,100 leads - 3 April 2025_04.03.2025  Live Leads - Ross.c.csv
STATE,STATE,100 leads - 3 April 2025_04.03.2025  Live Leads - Ross.c.csv
ZIP",ZIP",100 leads - 3 April 2025_04.03.2025  Live Leads - Ross.c.csv
TURNOVER,TURNOVER,100 leads - 3 April 2025_04.03.2025  Live Leads - Ross.c.csv
TLO PHONE 1,TLO PHONE 1,100 leads - 3 April 2025_04.03.2025  Live Leads - Ross.c.csv
TLO PHONE 2,TLO PHONE 2,100 leads - 3 April 2025_04.03.2025  Live Leads - Ross.c.csv
TLO EMAIL 1,TLO EMAIL 1,100 leads - 3 April 2025_04.03.2025  Live Leads - Ross.c.csv
TLO EMAIL 2,TLO EMAIL 2,100 leads - 3 April 2025_04.03.2025  Live Leads - Ross.c.csv
FIRST NAME,FIRST NAME,100 leads - May10-11 2025(1)_2_Sheet1.csv
LAST NAME,LAST NAME,100 leads - May10-11 2025(1)_2_Sheet1.csv
SSN,SSN,100 leads - May10-11 2025(1)_2_Sheet1.csv
DOB,DOB,100 leads - May10-11 2025(1)_2_Sheet1.csv
BUSINESS NAME,BUSINESS NAME,100 leads - May10-11 2025(1)_2_Sheet1.csv
INDUSTRY,INDUSTRY,100 leads - May10-11 2025(1)_2_Sheet1.csv
BUSINESS START DATE,BUSINESS START DATE,100 leads - May10-11 2025(1)_2_Sheet1.csv
EIN,EIN,100 leads - May10-11 2025(1)_2_Sheet1.csv
"BUSINESS ADDRESS STREET,"BUSINESS ADDRESS STREET,100 leads - May10-11 2025(1)_2_Sheet1.csv
CITY,CITY,100 leads - May10-11 2025(1)_2_Sheet1.csv
STATE,STATE,100 leads - May10-11 2025(1)_2_Sheet1.csv
ZIP",ZIP",100 leads - May10-11 2025(1)_2_Sheet1.csv
TLO PHONE 1,TLO PHONE 1,100 leads - May10-11 2025(1)_2_Sheet1.csv
TLO PHONE 2,TLO PHONE 2,100 leads - May10-11 2025(1)_2_Sheet1.csv
TLO EMAIL 1,TLO EMAIL 1,100 leads - May10-11 2025(1)_2_Sheet1.csv
TLO EMAIL 2,TLO EMAIL 2,100 leads - May10-11 2025(1)_2_Sheet1.csv
TURNOVER,TURNOVER,100 leads - May10-11 2025(1)_2_Sheet1.csv
FIRST NAME,FIRST NAME,100 leads - May10-11 2025(1)_Sheet1.csv
LAST NAME,LAST NAME,100 leads - May10-11 2025(1)_Sheet1.csv
SSN,SSN,100 leads - May10-11 2025(1)_Sheet1.csv
DOB,DOB,100 leads - May10-11 2025(1)_Sheet1.csv
BUSINESS NAME,BUSINESS NAME,100 leads - May10-11 2025(1)_Sheet1.csv
INDUSTRY,INDUSTRY,100 leads - May10-11 2025(1)_Sheet1.csv
BUSINESS START DATE,BUSINESS START DATE,100 leads - May10-11 2025(1)_Sheet1.csv
EIN,EIN,100 leads - May10-11 2025(1)_Sheet1.csv
"BUSINESS ADDRESS STREET,"BUSINESS ADDRESS STREET,100 leads - May10-11 2025(1)_Sheet1.csv
CITY,CITY,100 leads - May10-11 2025(1)_Sheet1.csv
STATE,STATE,100 leads - May10-11 2025(1)_Sheet1.csv
ZIP",ZIP",100 leads - May10-11 2025(1)_Sheet1.csv
TLO PHONE 1,TLO PHONE 1,100 leads - May10-11 2025(1)_Sheet1.csv
TLO PHONE 2,TLO PHONE 2,100 leads - May10-11 2025(1)_Sheet1.csv
TLO EMAIL 1,TLO EMAIL 1,100 leads - May10-11 2025(1)_Sheet1.csv
TLO EMAIL 2,TLO EMAIL 2,100 leads - May10-11 2025(1)_Sheet1.csv
TURNOVER,TURNOVER,100 leads - May10-11 2025(1)_Sheet1.csv
BUSINESS NAME,BUSINESS NAME,100 leads 28 and 29 oct 2024_Sheet1.csv
BUSINESS START DATE,BUSINESS START DATE,100 leads 28 and 29 oct 2024_Sheet1.csv
EIN,EIN,100 leads 28 and 29 oct 2024_Sheet1.csv
MOBILE,MOBILE,100 leads 28 and 29 oct 2024_Sheet1.csv
EMAIL,EMAIL,100 leads 28 and 29 oct 2024_Sheet1.csv
FULL NAME,FULL NAME,100 leads 28 and 29 oct 2024_Sheet1.csv
DOB,DOB,100 leads 28 and 29 oct 2024_Sheet1.csv
STATE,STATE,100 leads 28 and 29 oct 2024_Sheet1.csv
REVEUE,REVEUE,100 leads 28 and 29 oct 2024_Sheet1.csv
DATE,DATE,100 leads Feb 24th packages(1)(2)_Sheet1.csv
FIRST NAME,FIRST NAME,100 leads Feb 24th packages(1)(2)_Sheet1.csv
LAST NAME,LAST NAME,100 leads Feb 24th packages(1)(2)_Sheet1.csv
SSN,SSN,100 leads Feb 24th packages(1)(2)_Sheet1.csv
DOB,DOB,100 leads Feb 24th packages(1)(2)_Sheet1.csv
BUSINESS NAME,BUSINESS NAME,100 leads Feb 24th packages(1)(2)_Sheet1.csv
DBA,DBA,100 leads Feb 24th packages(1)(2)_Sheet1.csv
INDUSTRY,INDUSTRY,100 leads Feb 24th packages(1)(2)_Sheet1.csv
BUSINESS START DATE,BUSINESS START DATE,100 leads Feb 24th packages(1)(2)_Sheet1.csv
"BUSINESS ADDRESS STREET,"BUSINESS ADDRESS STREET,100 leads Feb 24th packages(1)(2)_Sheet1.csv
CITY,CITY,100 leads Feb 24th packages(1)(2)_Sheet1.csv
STATE,STATE,100 leads Feb 24th packages(1)(2)_Sheet1.csv
ZIP",ZIP",100 leads Feb 24th packages(1)(2)_Sheet1.csv
"HOME ADDRESS STREET,"HOME ADDRESS STREET,100 leads Feb 24th packages(1)(2)_Sheet1.csv
CITY,CITY,100 leads Feb 24th packages(1)(2)_Sheet1.csv
STATE,STATE,100 leads Feb 24th packages(1)(2)_Sheet1.csv
ZIP",ZIP",100 leads Feb 24th packages(1)(2)_Sheet1.csv
TLO PHONE 1,TLO PHONE 1,100 leads Feb 24th packages(1)(2)_Sheet1.csv
TLO PHONE 2,TLO PHONE 2,100 leads Feb 24th packages(1)(2)_Sheet1.csv
TLO EMAIL 1,TLO EMAIL 1,100 leads Feb 24th packages(1)(2)_Sheet1.csv
TLO EMAIL 2,TLO EMAIL 2,100 leads Feb 24th packages(1)(2)_Sheet1.csv
TURNOVER,TURNOVER,100 leads Feb 24th packages(1)(2)_Sheet1.csv
PHONE1,PHONE1,100 MCA Apps 02-21-2025(1)(3).csv
FIRSTNAME,FIRSTNAME,100 MCA Apps 02-21-2025(1)(3).csv
LASTNAME,LASTNAME,100 MCA Apps 02-21-2025(1)(3).csv
ADDRESS1,ADDRESS1,100 MCA Apps 02-21-2025(1)(3).csv
CITY,CITY,100 MCA Apps 02-21-2025(1)(3).csv
STATE,STATE,100 MCA Apps 02-21-2025(1)(3).csv
ZIP,ZIP,100 MCA Apps 02-21-2025(1)(3).csv
EMAIL,EMAIL,100 MCA Apps 02-21-2025(1)(3).csv
COMPANY,COMPANY,100 MCA Apps 02-21-2025(1)(3).csv
REVENUE,REVENUE,100 MCA Apps 02-21-2025(1)(3).csv
CREDITRATING,CREDITRATING,100 MCA Apps 02-21-2025(1)(3).csv
DOB,DOB,100 MCA Apps 02-21-2025(1)(3).csv
SSN,SSN,100 MCA Apps 02-21-2025(1)(3).csv
PHONE2,PHONE2,100 MCA Apps 02-21-2025(1)(3).csv
YEARSINBUSINESS,YEARSINBUSINESS,100 MCA Apps 02-21-2025(1)(3).csv
PHONE1,PHONE1,100 MCA Apps 02-22-2025(1)(3).csv
FIRSTNAME,FIRSTNAME,100 MCA Apps 02-22-2025(1)(3).csv
LASTNAME,LASTNAME,100 MCA Apps 02-22-2025(1)(3).csv
ADDRESS1,ADDRESS1,100 MCA Apps 02-22-2025(1)(3).csv
CITY,CITY,100 MCA Apps 02-22-2025(1)(3).csv
STATE,STATE,100 MCA Apps 02-22-2025(1)(3).csv
ZIP,ZIP,100 MCA Apps 02-22-2025(1)(3).csv
EMAIL,EMAIL,100 MCA Apps 02-22-2025(1)(3).csv
COMPANY,COMPANY,100 MCA Apps 02-22-2025(1)(3).csv
REVENUE,REVENUE,100 MCA Apps 02-22-2025(1)(3).csv
CREDITRATING,CREDITRATING,100 MCA Apps 02-22-2025(1)(3).csv
DOB,DOB,100 MCA Apps 02-22-2025(1)(3).csv
SSN,SSN,100 MCA Apps 02-22-2025(1)(3).csv
PHONE2,PHONE2,100 MCA Apps 02-22-2025(1)(3).csv
YEARSINBUSINESS,YEARSINBUSINESS,100 MCA Apps 02-22-2025(1)(3).csv
BUSINESS NAME,BUSINESS NAME,100 Spread June 8, 2025(2)_100 Spread Mar 18.csv
FIRST NAME,FIRST NAME,100 Spread June 8, 2025(2)_100 Spread Mar 18.csv
LAST NAME,LAST NAME,100 Spread June 8, 2025(2)_100 Spread Mar 18.csv
DOB,DOB,100 Spread June 8, 2025(2)_100 Spread Mar 18.csv
BUSINESS START DATE,BUSINESS START DATE,100 Spread June 8, 2025(2)_100 Spread Mar 18.csv
EIN,EIN,100 Spread June 8, 2025(2)_100 Spread Mar 18.csv
"BUSINESS ADDRESS STREET,"BUSINESS ADDRESS STREET,100 Spread June 8, 2025(2)_100 Spread Mar 18.csv
CITY,CITY,100 Spread June 8, 2025(2)_100 Spread Mar 18.csv
STATE,STATE,100 Spread June 8, 2025(2)_100 Spread Mar 18.csv
ZIP",ZIP",100 Spread June 8, 2025(2)_100 Spread Mar 18.csv
"HOME ADDRESS STREET,"HOME ADDRESS STREET,100 Spread June 8, 2025(2)_100 Spread Mar 18.csv
CITY,CITY,100 Spread June 8, 2025(2)_100 Spread Mar 18.csv
STATE,STATE,100 Spread June 8, 2025(2)_100 Spread Mar 18.csv
ZIP",ZIP",100 Spread June 8, 2025(2)_100 Spread Mar 18.csv
TLO PHONE 1,TLO PHONE 1,100 Spread June 8, 2025(2)_100 Spread Mar 18.csv
TLO PHONE 2,TLO PHONE 2,100 Spread June 8, 2025(2)_100 Spread Mar 18.csv
TLO EMAIL 1,TLO EMAIL 1,100 Spread June 8, 2025(2)_100 Spread Mar 18.csv
TLO EMAIL 2,TLO EMAIL 2,100 Spread June 8, 2025(2)_100 Spread Mar 18.csv
TURNOVER,TURNOVER,100 Spread June 8, 2025(2)_100 Spread Mar 18.csv
BUSINESS NAME,BUSINESS NAME,10-08-2020 (31) DATA_Sheet1.csv
BUSINESS TYPE,BUSINESS TYPE,10-08-2020 (31) DATA_Sheet1.csv
BUSINESS START DATE,BUSINESS START DATE,10-08-2020 (31) DATA_Sheet1.csv
EIN,EIN,10-08-2020 (31) DATA_Sheet1.csv
PHONE,PHONE,10-08-2020 (31) DATA_Sheet1.csv
PHONE 2,PHONE 2,10-08-2020 (31) DATA_Sheet1.csv
EMAIL,EMAIL,10-08-2020 (31) DATA_Sheet1.csv
OWNER NAME,OWNER NAME,10-08-2020 (31) DATA_Sheet1.csv
ADDRESS STREET,ADDRESS STREET,10-08-2020 (31) DATA_Sheet1.csv
CITY,CITY,10-08-2020 (31) DATA_Sheet1.csv
STATE,STATE,10-08-2020 (31) DATA_Sheet1.csv
ZIP,ZIP,10-08-2020 (31) DATA_Sheet1.csv
MONTHLY REVENUE,MONTHLY REVENUE,10-08-2020 (31) DATA_Sheet1.csv
NAME,NAME,10-11-23 Funded Deals(1)_Sheet1.csv
PHONE NUMBER,PHONE NUMBER,10-11-23 Funded Deals(1)_Sheet1.csv
EMAIL,EMAIL,10-11-23 Funded Deals(1)_Sheet1.csv
COMPANY,COMPANY,10-11-23 Funded Deals(1)_Sheet1.csv
CREDIT SCORE,CREDIT SCORE,10-11-23 Funded Deals(1)_Sheet1.csv
LOAN AMOUNT,LOAN AMOUNT,10-11-23 Funded Deals(1)_Sheet1.csv
MONTHLY REVENUE,MONTHLY REVENUE,10-11-23 Funded Deals(1)_Sheet1.csv
LINE TYPE,LINE TYPE,10-11-23 Funded Deals(1)_Sheet1.csv
NAME,NAME,10-11-23 Funded Deals(5)_Sheet1.csv
PHONE NUMBER,PHONE NUMBER,10-11-23 Funded Deals(5)_Sheet1.csv
EMAIL,EMAIL,10-11-23 Funded Deals(5)_Sheet1.csv
COMPANY,COMPANY,10-11-23 Funded Deals(5)_Sheet1.csv
CREDIT SCORE,CREDIT SCORE,10-11-23 Funded Deals(5)_Sheet1.csv
LOAN AMOUNT,LOAN AMOUNT,10-11-23 Funded Deals(5)_Sheet1.csv
MONTHLY REVENUE,MONTHLY REVENUE,10-11-23 Funded Deals(5)_Sheet1.csv
LINE TYPE,LINE TYPE,10-11-23 Funded Deals(5)_Sheet1.csv
FIRST NAME,FIRST NAME,10-11-23 Submissions(2)_Sheet1.csv
LAST NAME,LAST NAME,10-11-23 Submissions(2)_Sheet1.csv
COMPANY,COMPANY,10-11-23 Submissions(2)_Sheet1.csv
MOBILE PHONE,MOBILE PHONE,10-11-23 Submissions(2)_Sheet1.csv
EMAIL,EMAIL,10-11-23 Submissions(2)_Sheet1.csv
REVENUE,REVENUE,10-11-23 Submissions(2)_Sheet1.csv
BUSINESS NAME,BUSINESS NAME,10-13-20 (25) DATA_Sheet1.csv
BUSINESS TYPE,BUSINESS TYPE,10-13-20 (25) DATA_Sheet1.csv
BUSINESS START DATE,BUSINESS START DATE,10-13-20 (25) DATA_Sheet1.csv
EIN,EIN,10-13-20 (25) DATA_Sheet1.csv
PHONE1,PHONE1,10-13-20 (25) DATA_Sheet1.csv
EMAIL,EMAIL,10-13-20 (25) DATA_Sheet1.csv
SSN,SSN,10-13-20 (25) DATA_Sheet1.csv
OWNER NAME,OWNER NAME,10-13-20 (25) DATA_Sheet1.csv
BIRTH DATE,BIRTH DATE,10-13-20 (25) DATA_Sheet1.csv
ADDRESS STREET,ADDRESS STREET,10-13-20 (25) DATA_Sheet1.csv
CITY,CITY,10-13-20 (25) DATA_Sheet1.csv
STATE,STATE,10-13-20 (25) DATA_Sheet1.csv
ZIP,ZIP,10-13-20 (25) DATA_Sheet1.csv
MONTHLY REVENUE,MONTHLY REVENUE,10-13-20 (25) DATA_Sheet1.csv
FIRST NAME,FIRST NAME,10-24-23 Submissions 5(3)_Sheet1.csv
LAST NAME,LAST NAME,10-24-23 Submissions 5(3)_Sheet1.csv
COMPANY,COMPANY,10-24-23 Submissions 5(3)_Sheet1.csv
MOBILE PHONE,MOBILE PHONE,10-24-23 Submissions 5(3)_Sheet1.csv
EMAIL,EMAIL,10-24-23 Submissions 5(3)_Sheet1.csv
REVENUE,REVENUE,10-24-23 Submissions 5(3)_Sheet1.csv
NAME,NAME,10-30-23 Aged Submission Leads(7)_Aged Leads.csv
EMAIL,EMAIL,10-30-23 Aged Submission Leads(7)_Aged Leads.csv
PHONE NUMBER,PHONE NUMBER,10-30-23 Aged Submission Leads(7)_Aged Leads.csv
COMPANY,COMPANY,10-30-23 Aged Submission Leads(7)_Aged Leads.csv
ANNUAL GROSS,ANNUAL GROSS,10-30-23 Aged Submission Leads(7)_Aged Leads.csv
BUSINESS TYPE,BUSINESS TYPE,10-6-2020 (30) DATA.csv
BUSINESS NAME,BUSINESS NAME,10-6-2020 (30) DATA.csv
MONTHLY REVENUE,MONTHLY REVENUE,10-6-2020 (30) DATA.csv
BUSINESS START DATE,BUSINESS START DATE,10-6-2020 (30) DATA.csv
EIN,EIN,10-6-2020 (30) DATA.csv
PHONE,PHONE,10-6-2020 (30) DATA.csv
EMAIL,EMAIL,10-6-2020 (30) DATA.csv
OWNER NAME,OWNER NAME,10-6-2020 (30) DATA.csv
ADDRESS STREET,ADDRESS STREET,10-6-2020 (30) DATA.csv
CITY,CITY,10-6-2020 (30) DATA.csv
STATE,STATE,10-6-2020 (30) DATA.csv
ZIP,ZIP,10-6-2020 (30) DATA.csv
CREDIT SCORE,CREDIT SCORE,10-6-2020 (30) DATA.csv
BUSINESS NAME,BUSINESS NAME,10-7-20 (40) DATA.csv
BUSINESS TYPE,BUSINESS TYPE,10-7-20 (40) DATA.csv
BUSINESS START DATE,BUSINESS START DATE,10-7-20 (40) DATA.csv
EIN,EIN,10-7-20 (40) DATA.csv
PHONE,PHONE,10-7-20 (40) DATA.csv
EMAIL,EMAIL,10-7-20 (40) DATA.csv
OWNER NAME,OWNER NAME,10-7-20 (40) DATA.csv
ADDRESS STREET,ADDRESS STREET,10-7-20 (40) DATA.csv
CITY,CITY,10-7-20 (40) DATA.csv
STATE,STATE,10-7-20 (40) DATA.csv
ZIP,ZIP,10-7-20 (40) DATA.csv
MONTHLY REVENUE,MONTHLY REVENUE,10-7-20 (40) DATA.csv
BUSINESS NAME,BUSINESS NAME,10-9-20 (20) DATA.csv
BUSINESS TYPE,BUSINESS TYPE,10-9-20 (20) DATA.csv
BUSINESS START DATE,BUSINESS START DATE,10-9-20 (20) DATA.csv
EIN,EIN,10-9-20 (20) DATA.csv
PHONE1,PHONE1,10-9-20 (20) DATA.csv
EMAIL,EMAIL,10-9-20 (20) DATA.csv
OWNER NAME,OWNER NAME,10-9-20 (20) DATA.csv
ADDRESS STREET,ADDRESS STREET,10-9-20 (20) DATA.csv
CITY,CITY,10-9-20 (20) DATA.csv
STATE,STATE,10-9-20 (20) DATA.csv
ZIP,ZIP,10-9-20 (20) DATA.csv
MONTHLY REVENUE,MONTHLY REVENUE,10-9-20 (20) DATA.csv
PHONE1,PHONE1,10k MCA digi apps w revenue july 2023_MCA digi apps w revenue july.csv
FIRSTNAME,FIRSTNAME,10k MCA digi apps w revenue july 2023_MCA digi apps w revenue july.csv
LASTNAME,LASTNAME,10k MCA digi apps w revenue july 2023_MCA digi apps w revenue july.csv
ADDRESS1,ADDRESS1,10k MCA digi apps w revenue july 2023_MCA digi apps w revenue july.csv
CITY,CITY,10k MCA digi apps w revenue july 2023_MCA digi apps w revenue july.csv
STATE,STATE,10k MCA digi apps w revenue july 2023_MCA digi apps w revenue july.csv
ZIP,ZIP,10k MCA digi apps w revenue july 2023_MCA digi apps w revenue july.csv
EMAIL,EMAIL,10k MCA digi apps w revenue july 2023_MCA digi apps w revenue july.csv
COMPANY,COMPANY,10k MCA digi apps w revenue july 2023_MCA digi apps w revenue july.csv
AMOUNT,AMOUNT,10k MCA digi apps w revenue july 2023_MCA digi apps w revenue july.csv
REVENUE,REVENUE,10k MCA digi apps w revenue july 2023_MCA digi apps w revenue july.csv
FIRST,FIRST,10k mca triggers legacy with email _Sheet1.csv
LAST,LAST,10k mca triggers legacy with email _Sheet1.csv
BUSINESS,BUSINESS,10k mca triggers legacy with email _Sheet1.csv
PHONE,PHONE,10k mca triggers legacy with email _Sheet1.csv
EMAIL,EMAIL,10k mca triggers legacy with email _Sheet1.csv
STATE,STATE,10k mca triggers legacy with email _Sheet1.csv
TIMEZONE,TIMEZONE,10k mca triggers legacy with email _Sheet1.csv
LINETYPE,LINETYPE,10k mca triggers legacy with email _Sheet1.csv
COMPANY NAME,COMPANY NAME,10k new ucc from new source with email (3)(1)_Sheet1.csv
CONTACT NAME,CONTACT NAME,10k new ucc from new source with email (3)(1)_Sheet1.csv
LAST NAME,LAST NAME,10k new ucc from new source with email (3)(1)_Sheet1.csv
PHONE NUMBER,PHONE NUMBER,10k new ucc from new source with email (3)(1)_Sheet1.csv
MAIL STATE ABBREV,MAIL STATE ABBREV,10k new ucc from new source with email (3)(1)_Sheet1.csv
MAIL ZIP MERGE,MAIL ZIP MERGE,10k new ucc from new source with email (3)(1)_Sheet1.csv
PRIMARY SIC CODE,PRIMARY SIC CODE,10k new ucc from new source with email (3)(1)_Sheet1.csv
SALES VOLUME,SALES VOLUME,10k new ucc from new source with email (3)(1)_Sheet1.csv
EMAIL ADDRESS,EMAIL ADDRESS,10k new ucc from new source with email (3)(1)_Sheet1.csv
SEC PARTYNAME,SEC PARTYNAME,10k new ucc from new source with email (3)(1)_Sheet1.csv
FIRST NAME,FIRST NAME,11,000 Nyc App info 10_17_23-Whales _Sheet1.csv
LAST NAME,LAST NAME,11,000 Nyc App info 10_17_23-Whales _Sheet1.csv
COMPANY,COMPANY,11,000 Nyc App info 10_17_23-Whales _Sheet1.csv
PHONE,PHONE,11,000 Nyc App info 10_17_23-Whales _Sheet1.csv
EMAIL,EMAIL,11,000 Nyc App info 10_17_23-Whales _Sheet1.csv
STATE,STATE,11,000 Nyc App info 10_17_23-Whales _Sheet1.csv
TIMEZONE,TIMEZONE,11,000 Nyc App info 10_17_23-Whales _Sheet1.csv
LINE TYPE,LINE TYPE,11,000 Nyc App info 10_17_23-Whales _Sheet1.csv
PHONE STATUS,PHONE STATUS,11,000 Nyc App info 10_17_23-Whales _Sheet1.csv
EMAIL STATUS,EMAIL STATUS,11,000 Nyc App info 10_17_23-Whales _Sheet1.csv
FILE DATE,FILE DATE,11.08.2022. UCC 4100(8)_Sheet1.csv
COMPANY NAME,COMPANY NAME,11.08.2022. UCC 4100(8)_Sheet1.csv
FIRST NAME,FIRST NAME,11.08.2022. UCC 4100(8)_Sheet1.csv
LAST NAME,LAST NAME,11.08.2022. UCC 4100(8)_Sheet1.csv
CELL PHONE,CELL PHONE,11.08.2022. UCC 4100(8)_Sheet1.csv
ADDRESS,ADDRESS,11.08.2022. UCC 4100(8)_Sheet1.csv
CITY,CITY,11.08.2022. UCC 4100(8)_Sheet1.csv
STATE,STATE,11.08.2022. UCC 4100(8)_Sheet1.csv
ZIP,ZIP,11.08.2022. UCC 4100(8)_Sheet1.csv
SECURED PARTY NAME,SECURED PARTY NAME,11.08.2022. UCC 4100(8)_Sheet1.csv
BUSINESS,BUSINESS,11.11.24.FA.108_ - NYC.111824(1).csv
INDUSTRY,INDUSTRY,11.11.24.FA.108_ - NYC.111824(1).csv
TIB,TIB,11.11.24.FA.108_ - NYC.111824(1).csv
PHONE,PHONE,11.11.24.FA.108_ - NYC.111824(1).csv
PHONE 2,PHONE 2,11.11.24.FA.108_ - NYC.111824(1).csv
EMAIL,EMAIL,11.11.24.FA.108_ - NYC.111824(1).csv
OWNER,OWNER,11.11.24.FA.108_ - NYC.111824(1).csv
ADDRESS,ADDRESS,11.11.24.FA.108_ - NYC.111824(1).csv
CITY,CITY,11.11.24.FA.108_ - NYC.111824(1).csv
STATE,STATE,11.11.24.FA.108_ - NYC.111824(1).csv
ZIP,ZIP,11.11.24.FA.108_ - NYC.111824(1).csv
MONTHLY REVENUE,MONTHLY REVENUE,11.11.24.FA.108_ - NYC.111824(1).csv
FILE DATE,FILE DATE,11.22.2023. UCC 5000(5)_Sheet1.csv
COMPANY NAME,COMPANY NAME,11.22.2023. UCC 5000(5)_Sheet1.csv
FIRST NAME,FIRST NAME,11.22.2023. UCC 5000(5)_Sheet1.csv
LAST NAME,LAST NAME,11.22.2023. UCC 5000(5)_Sheet1.csv
CELL PHONE 1,CELL PHONE 1,11.22.2023. UCC 5000(5)_Sheet1.csv
ADDRESS,ADDRESS,11.22.2023. UCC 5000(5)_Sheet1.csv
CITY,CITY,11.22.2023. UCC 5000(5)_Sheet1.csv
STATE,STATE,11.22.2023. UCC 5000(5)_Sheet1.csv
ZIP,ZIP,11.22.2023. UCC 5000(5)_Sheet1.csv
SECURED PARTY NAME,SECURED PARTY NAME,11.22.2023. UCC 5000(5)_Sheet1.csv
PHONE NUMBER,PHONE NUMBER,1100 app info 30-45 days with high balance (1)_Sheet1.csv
CONTACT NAME,CONTACT NAME,1100 app info 30-45 days with high balance (1)_Sheet1.csv
COMPANY,COMPANY,1100 app info 30-45 days with high balance (1)_Sheet1.csv
CATEGORY,CATEGORY,1100 app info 30-45 days with high balance (1)_Sheet1.csv
EMAIL,EMAIL,1100 app info 30-45 days with high balance (1)_Sheet1.csv
ADDRESS,ADDRESS,1100 app info 30-45 days with high balance (1)_Sheet1.csv
CITY,CITY,1100 app info 30-45 days with high balance (1)_Sheet1.csv
STATE,STATE,1100 app info 30-45 days with high balance (1)_Sheet1.csv
ZIP,ZIP,1100 app info 30-45 days with high balance (1)_Sheet1.csv
ANNUAL REVENUE,ANNUAL REVENUE,1100 app info 30-45 days with high balance (1)_Sheet1.csv
COMPANY_NAME,COMPANY_NAME,110422-UCC-13596(2).csv
CONTACT_NAME,CONTACT_NAME,110422-UCC-13596(2).csv
CONTACT_TITLE_CODE,CONTACT_TITLE_CODE,110422-UCC-13596(2).csv
MAILING_ADDRESS,MAILING_ADDRESS,110422-UCC-13596(2).csv
MAIL_CITY_NAME,MAIL_CITY_NAME,110422-UCC-13596(2).csv
MAIL_STATE_ABBREV,MAIL_STATE_ABBREV,110422-UCC-13596(2).csv
MAIL_ZIP_MERGE,MAIL_ZIP_MERGE,110422-UCC-13596(2).csv
MAIL_CRCODE,MAIL_CRCODE,110422-UCC-13596(2).csv
PHONE_NUMBER,PHONE_NUMBER,110422-UCC-13596(2).csv
FAX_NUMO,FAX_NUMO,110422-UCC-13596(2).csv
PRIMARY_SIC_CODE,PRIMARY_SIC_CODE,110422-UCC-13596(2).csv
PRIMARY_SIC_DESC,PRIMARY_SIC_DESC,110422-UCC-13596(2).csv
DELIVERY_POINT_BARCODE,DELIVERY_POINT_BARCODE,110422-UCC-13596(2).csv
EMPLOYEE_SIZE,EMPLOYEE_SIZE,110422-UCC-13596(2).csv
SALES_VOLUME,SALES_VOLUME,110422-UCC-13596(2).csv
FILING_DAY,FILING_DAY,110422-UCC-13596(2).csv
FILING_MONTH,FILING_MONTH,110422-UCC-13596(2).csv
FILING_YEAR,FILING_YEAR,110422-UCC-13596(2).csv
SEC_PARTYNAME,SEC_PARTYNAME,110422-UCC-13596(2).csv
FIRSTNAME,FIRSTNAME,110422-UCC-13596(2).csv
LASTNAME,LASTNAME,110422-UCC-13596(2).csv
FIRST NAME,FIRST NAME,11-08-23 Submissions 6(3)_Sheet1.csv
LAST NAME,LAST NAME,11-08-23 Submissions 6(3)_Sheet1.csv
COMPANY,COMPANY,11-08-23 Submissions 6(3)_Sheet1.csv
MOBILE PHONE,MOBILE PHONE,11-08-23 Submissions 6(3)_Sheet1.csv
EMAIL,EMAIL,11-08-23 Submissions 6(3)_Sheet1.csv
REVENUE,REVENUE,11-08-23 Submissions 6(3)_Sheet1.csv
FIRST NAME,FIRST NAME,11-08-23 Submissions 6_Sheet1.csv
LAST NAME,LAST NAME,11-08-23 Submissions 6_Sheet1.csv
COMPANY,COMPANY,11-08-23 Submissions 6_Sheet1.csv
MOBILE PHONE,MOBILE PHONE,11-08-23 Submissions 6_Sheet1.csv
EMAIL,EMAIL,11-08-23 Submissions 6_Sheet1.csv
REVENUE,REVENUE,11-08-23 Submissions 6_Sheet1.csv
BUSINESS NAME,BUSINESS NAME,111 - 6 and 7 January 2025_Sheet1.csv
BUSINESS START DATE,BUSINESS START DATE,111 - 6 and 7 January 2025_Sheet1.csv
EIN,EIN,111 - 6 and 7 January 2025_Sheet1.csv
MOBILE,MOBILE,111 - 6 and 7 January 2025_Sheet1.csv
EMAIL,EMAIL,111 - 6 and 7 January 2025_Sheet1.csv
OWNER NAME,OWNER NAME,111 - 6 and 7 January 2025_Sheet1.csv
BIRTH DATE,BIRTH DATE,111 - 6 and 7 January 2025_Sheet1.csv
STATE,STATE,111 - 6 and 7 January 2025_Sheet1.csv
MONTHLY REVENUE,MONTHLY REVENUE,111 - 6 and 7 January 2025_Sheet1.csv
FIRST NAME,FIRST NAME,11-21-23 Fresh Submissions(3)_Sheet1.csv
LAST NAME,LAST NAME,11-21-23 Fresh Submissions(3)_Sheet1.csv
PHONE NUMBER,PHONE NUMBER,11-21-23 Fresh Submissions(3)_Sheet1.csv
EMAIL,EMAIL,11-21-23 Fresh Submissions(3)_Sheet1.csv
COMPANY,COMPANY,11-21-23 Fresh Submissions(3)_Sheet1.csv
MONTHLY REVENUE,MONTHLY REVENUE,11-21-23 Fresh Submissions(3)_Sheet1.csv
BUSINESS NAMES,BUSINESS NAMES,113 - 4 and 5 January 2025_Sheet1.csv
BUSINESS START DATE,BUSINESS START DATE,113 - 4 and 5 January 2025_Sheet1.csv
EIN,EIN,113 - 4 and 5 January 2025_Sheet1.csv
MOBILE,MOBILE,113 - 4 and 5 January 2025_Sheet1.csv
EMAIL,EMAIL,113 - 4 and 5 January 2025_Sheet1.csv
OWNER NAME,OWNER NAME,113 - 4 and 5 January 2025_Sheet1.csv
BIRTH DATE,BIRTH DATE,113 - 4 and 5 January 2025_Sheet1.csv
STATE,STATE,113 - 4 and 5 January 2025_Sheet1.csv
MONTHLY REVENUE,MONTHLY REVENUE,113 - 4 and 5 January 2025_Sheet1.csv
EMAILABLE STATE,EMAILABLE STATE,1150 ISO DATA VERF -MARCH 2024 _trade-list-xlsx-sheet1-maximum-.csv
EMAILABLE REASON,EMAILABLE REASON,1150 ISO DATA VERF -MARCH 2024 _trade-list-xlsx-sheet1-maximum-.csv
EMAILABLE SCORE,EMAILABLE SCORE,1150 ISO DATA VERF -MARCH 2024 _trade-list-xlsx-sheet1-maximum-.csv
EMAILABLE ACCEPT ALL,EMAILABLE ACCEPT ALL,1150 ISO DATA VERF -MARCH 2024 _trade-list-xlsx-sheet1-maximum-.csv
EMAILABLE DISPOSABLE,EMAILABLE DISPOSABLE,1150 ISO DATA VERF -MARCH 2024 _trade-list-xlsx-sheet1-maximum-.csv
EMAILABLE FREE,EMAILABLE FREE,1150 ISO DATA VERF -MARCH 2024 _trade-list-xlsx-sheet1-maximum-.csv
EMAILABLE ROLE,EMAILABLE ROLE,1150 ISO DATA VERF -MARCH 2024 _trade-list-xlsx-sheet1-maximum-.csv
EMAILABLE TAG,EMAILABLE TAG,1150 ISO DATA VERF -MARCH 2024 _trade-list-xlsx-sheet1-maximum-.csv
EMAILABLE USER,EMAILABLE USER,1150 ISO DATA VERF -MARCH 2024 _trade-list-xlsx-sheet1-maximum-.csv
EMAILABLE DOMAIN,EMAILABLE DOMAIN,1150 ISO DATA VERF -MARCH 2024 _trade-list-xlsx-sheet1-maximum-.csv
EMAILABLE DID YOU MEAN,EMAILABLE DID YOU MEAN,1150 ISO DATA VERF -MARCH 2024 _trade-list-xlsx-sheet1-maximum-.csv
EMAILABLE MX RECORD,EMAILABLE MX RECORD,1150 ISO DATA VERF -MARCH 2024 _trade-list-xlsx-sheet1-maximum-.csv
EMAILABLE SMTP PROVIDER,EMAILABLE SMTP PROVIDER,1150 ISO DATA VERF -MARCH 2024 _trade-list-xlsx-sheet1-maximum-.csv
EMAILABLE FIRST NAME,EMAILABLE FIRST NAME,1150 ISO DATA VERF -MARCH 2024 _trade-list-xlsx-sheet1-maximum-.csv
EMAILABLE LAST NAME,EMAILABLE LAST NAME,1150 ISO DATA VERF -MARCH 2024 _trade-list-xlsx-sheet1-maximum-.csv
EMAILABLE FULL NAME,EMAILABLE FULL NAME,1150 ISO DATA VERF -MARCH 2024 _trade-list-xlsx-sheet1-maximum-.csv
EMAILABLE GENDER,EMAILABLE GENDER,1150 ISO DATA VERF -MARCH 2024 _trade-list-xlsx-sheet1-maximum-.csv
BUSINESS NAME,BUSINESS NAME,115-sep 2022(1)_Sheet1.csv
BUSINESS TYPE,BUSINESS TYPE,115-sep 2022(1)_Sheet1.csv
BUSINESS START DATE,BUSINESS START DATE,115-sep 2022(1)_Sheet1.csv
EIN,EIN,115-sep 2022(1)_Sheet1.csv
MOBILE,MOBILE,115-sep 2022(1)_Sheet1.csv
PHONE,PHONE,115-sep 2022(1)_Sheet1.csv
EMAIL,EMAIL,115-sep 2022(1)_Sheet1.csv
SSN,SSN,115-sep 2022(1)_Sheet1.csv
OWNER NAME,OWNER NAME,115-sep 2022(1)_Sheet1.csv
BIRTH DATE,BIRTH DATE,115-sep 2022(1)_Sheet1.csv
ADDRESS STREET,ADDRESS STREET,115-sep 2022(1)_Sheet1.csv
CITY,CITY,115-sep 2022(1)_Sheet1.csv
STATE,STATE,115-sep 2022(1)_Sheet1.csv
ZIP,ZIP,115-sep 2022(1)_Sheet1.csv
MONTHLY REV,MONTHLY REV,115-sep 2022(1)_Sheet1.csv
CREDIT SCORE,CREDIT SCORE,115-sep 2022(1)_Sheet1.csv
BUSINESS NAME,BUSINESS NAME,117-july 25th week_Sheet1.csv
BUSINESS TYPE,BUSINESS TYPE,117-july 25th week_Sheet1.csv
BUSINESS START DATE,BUSINESS START DATE,117-july 25th week_Sheet1.csv
EIN,EIN,117-july 25th week_Sheet1.csv
MOBILE,MOBILE,117-july 25th week_Sheet1.csv
PHONE,PHONE,117-july 25th week_Sheet1.csv
EMAIL,EMAIL,117-july 25th week_Sheet1.csv
SSN,SSN,117-july 25th week_Sheet1.csv
OWNER NAME,OWNER NAME,117-july 25th week_Sheet1.csv
BIRTH DATE,BIRTH DATE,117-july 25th week_Sheet1.csv
ADDRESS STREET,ADDRESS STREET,117-july 25th week_Sheet1.csv
CITY,CITY,117-july 25th week_Sheet1.csv
STATE,STATE,117-july 25th week_Sheet1.csv
ZIP,ZIP,117-july 25th week_Sheet1.csv
MONTHLY REVENUE,MONTHLY REVENUE,117-july 25th week_Sheet1.csv
CREDIT SCORE,CREDIT SCORE,117-july 25th week_Sheet1.csv
BUSINESS NAME,BUSINESS NAME,119 apps 19 sept 2024_Sheet1.csv
BUSINESS START DATE,BUSINESS START DATE,119 apps 19 sept 2024_Sheet1.csv
EIN,EIN,119 apps 19 sept 2024_Sheet1.csv
MOBILE,MOBILE,119 apps 19 sept 2024_Sheet1.csv
EMAIL,EMAIL,119 apps 19 sept 2024_Sheet1.csv
OWNER NAME,OWNER NAME,119 apps 19 sept 2024_Sheet1.csv
BIRTH DATE,BIRTH DATE,119 apps 19 sept 2024_Sheet1.csv
STATE,STATE,119 apps 19 sept 2024_Sheet1.csv
MONTHLY REVENUE,MONTHLY REVENUE,119 apps 19 sept 2024_Sheet1.csv
PHONE1,PHONE1,11k MCA digi apps u10d w revenue for info@proleadsnyc.com 5-11-2023-CALL CENTER(1)_Sheet1.csv
FIRSTNAME,FIRSTNAME,11k MCA digi apps u10d w revenue for info@proleadsnyc.com 5-11-2023-CALL CENTER(1)_Sheet1.csv
LASTNAME,LASTNAME,11k MCA digi apps u10d w revenue for info@proleadsnyc.com 5-11-2023-CALL CENTER(1)_Sheet1.csv
ADDRESS1,ADDRESS1,11k MCA digi apps u10d w revenue for info@proleadsnyc.com 5-11-2023-CALL CENTER(1)_Sheet1.csv
CITY,CITY,11k MCA digi apps u10d w revenue for info@proleadsnyc.com 5-11-2023-CALL CENTER(1)_Sheet1.csv
STATE,STATE,11k MCA digi apps u10d w revenue for info@proleadsnyc.com 5-11-2023-CALL CENTER(1)_Sheet1.csv
ZIP,ZIP,11k MCA digi apps u10d w revenue for info@proleadsnyc.com 5-11-2023-CALL CENTER(1)_Sheet1.csv
EMAIL,EMAIL,11k MCA digi apps u10d w revenue for info@proleadsnyc.com 5-11-2023-CALL CENTER(1)_Sheet1.csv
COMPANY,COMPANY,11k MCA digi apps u10d w revenue for info@proleadsnyc.com 5-11-2023-CALL CENTER(1)_Sheet1.csv
AMOUNT,AMOUNT,11k MCA digi apps u10d w revenue for info@proleadsnyc.com 5-11-2023-CALL CENTER(1)_Sheet1.csv
REVENUE,REVENUE,11k MCA digi apps u10d w revenue for info@proleadsnyc.com 5-11-2023-CALL CENTER(1)_Sheet1.csv
PHONE1,PHONE1,11K-MCA drop calls u10d w cell for info@proleadsnyc.com 8-4-2023-CALL CENTER (1)_Sheet1.csv
FIRSTNAME,FIRSTNAME,11K-MCA drop calls u10d w cell for info@proleadsnyc.com 8-4-2023-CALL CENTER (1)_Sheet1.csv
LASTNAME,LASTNAME,11K-MCA drop calls u10d w cell for info@proleadsnyc.com 8-4-2023-CALL CENTER (1)_Sheet1.csv
ADDRESS1,ADDRESS1,11K-MCA drop calls u10d w cell for info@proleadsnyc.com 8-4-2023-CALL CENTER (1)_Sheet1.csv
CITY,CITY,11K-MCA drop calls u10d w cell for info@proleadsnyc.com 8-4-2023-CALL CENTER (1)_Sheet1.csv
STATE,STATE,11K-MCA drop calls u10d w cell for info@proleadsnyc.com 8-4-2023-CALL CENTER (1)_Sheet1.csv
ZIP,ZIP,11K-MCA drop calls u10d w cell for info@proleadsnyc.com 8-4-2023-CALL CENTER (1)_Sheet1.csv
EMAIL,EMAIL,11K-MCA drop calls u10d w cell for info@proleadsnyc.com 8-4-2023-CALL CENTER (1)_Sheet1.csv
COMPANY,COMPANY,11K-MCA drop calls u10d w cell for info@proleadsnyc.com 8-4-2023-CALL CENTER (1)_Sheet1.csv
PHONETYPE,PHONETYPE,11K-MCA drop calls u10d w cell for info@proleadsnyc.com 8-4-2023-CALL CENTER (1)_Sheet1.csv
FIRST NAME,FIRST NAME,12,000 Mca optin apps -a-c paper with cell-30-45 days (1)_Sheet1.csv
LAST NAME,LAST NAME,12,000 Mca optin apps -a-c paper with cell-30-45 days (1)_Sheet1.csv
EMAIL,EMAIL,12,000 Mca optin apps -a-c paper with cell-30-45 days (1)_Sheet1.csv
PHONE NUMBER,PHONE NUMBER,12,000 Mca optin apps -a-c paper with cell-30-45 days (1)_Sheet1.csv
PHONE2,PHONE2,12,000 Mca optin apps -a-c paper with cell-30-45 days (1)_Sheet1.csv
PHONE3,PHONE3,12,000 Mca optin apps -a-c paper with cell-30-45 days (1)_Sheet1.csv
COMPANY,COMPANY,12,000 Mca optin apps -a-c paper with cell-30-45 days (1)_Sheet1.csv
MONTHLY REVENUE,MONTHLY REVENUE,12,000 Mca optin apps -a-c paper with cell-30-45 days (1)_Sheet1.csv
STATE,STATE,12,000 Mca optin apps -a-c paper with cell-30-45 days (1)_Sheet1.csv
ZIP,ZIP,12,000 Mca optin apps -a-c paper with cell-30-45 days (1)_Sheet1.csv
TAX ID,TAX ID,12,000 Mca optin apps -a-c paper with cell-30-45 days (1)_Sheet1.csv
BIRTH DATE,BIRTH DATE,12,000 Mca optin apps -a-c paper with cell-30-45 days (1)_Sheet1.csv
DATE BUSINESS STARTED,DATE BUSINESS STARTED,12,000 Mca optin apps -a-c paper with cell-30-45 days (1)_Sheet1.csv
NUMBERTYPE,NUMBERTYPE,12,000 Mca optin apps -a-c paper with cell-30-45 days (1)_Sheet1.csv
NETWORKTYPE,NETWORKTYPE,12,000 Mca optin apps -a-c paper with cell-30-45 days (1)_Sheet1.csv
FILE DATE,FILE DATE,12.02.2022. UCC 19500(1)(1)_Sheet1.csv
COMPANY NAME,COMPANY NAME,12.02.2022. UCC 19500(1)(1)_Sheet1.csv
FIRST NAME,FIRST NAME,12.02.2022. UCC 19500(1)(1)_Sheet1.csv
LAST NAME,LAST NAME,12.02.2022. UCC 19500(1)(1)_Sheet1.csv
CELL PHONE,CELL PHONE,12.02.2022. UCC 19500(1)(1)_Sheet1.csv
ADDRESS,ADDRESS,12.02.2022. UCC 19500(1)(1)_Sheet1.csv
CITY,CITY,12.02.2022. UCC 19500(1)(1)_Sheet1.csv
STATE,STATE,12.02.2022. UCC 19500(1)(1)_Sheet1.csv
ZIP,ZIP,12.02.2022. UCC 19500(1)(1)_Sheet1.csv
SECURED PARTY NAME,SECURED PARTY NAME,12.02.2022. UCC 19500(1)(1)_Sheet1.csv
FILE DATE,FILE DATE,12.03.2022. UCC 5000(4)_Sheet1.csv
COMPANY NAME,COMPANY NAME,12.03.2022. UCC 5000(4)_Sheet1.csv
FIRST NAME,FIRST NAME,12.03.2022. UCC 5000(4)_Sheet1.csv
LAST NAME,LAST NAME,12.03.2022. UCC 5000(4)_Sheet1.csv
CELL PHONE,CELL PHONE,12.03.2022. UCC 5000(4)_Sheet1.csv
ADDRESS,ADDRESS,12.03.2022. UCC 5000(4)_Sheet1.csv
CITY,CITY,12.03.2022. UCC 5000(4)_Sheet1.csv
STATE,STATE,12.03.2022. UCC 5000(4)_Sheet1.csv
ZIP,ZIP,12.03.2022. UCC 5000(4)_Sheet1.csv
SECURED PARTY NAME,SECURED PARTY NAME,12.03.2022. UCC 5000(4)_Sheet1.csv
BUSINESS,BUSINESS,12.17.24.FA.50_ - NYC.12.20.24(2).csv
TIB,TIB,12.17.24.FA.50_ - NYC.12.20.24(2).csv
EMAIL,EMAIL,12.17.24.FA.50_ - NYC.12.20.24(2).csv
OWNER,OWNER,12.17.24.FA.50_ - NYC.12.20.24(2).csv
ADDRESS,ADDRESS,12.17.24.FA.50_ - NYC.12.20.24(2).csv
CITY,CITY,12.17.24.FA.50_ - NYC.12.20.24(2).csv
STATE,STATE,12.17.24.FA.50_ - NYC.12.20.24(2).csv
ZIP,ZIP,12.17.24.FA.50_ - NYC.12.20.24(2).csv
MONTHLY REVENUE,MONTHLY REVENUE,12.17.24.FA.50_ - NYC.12.20.24(2).csv
PHONE,PHONE,12.17.24.FA.50_ - NYC.12.20.24(2).csv
LINE TYPE,LINE TYPE,12.17.24.FA.50_ - NYC.12.20.24(2).csv
PHONE 2,PHONE 2,12.17.24.FA.50_ - NYC.12.20.24(2).csv
PHONE 2 LINE TYPE,PHONE 2 LINE TYPE,12.17.24.FA.50_ - NYC.12.20.24(2).csv
BUSINESS,BUSINESS,12.18.24.FA.200_ - NYC.12.20.24(1).csv
TIB,TIB,12.18.24.FA.200_ - NYC.12.20.24(1).csv
EMAIL,EMAIL,12.18.24.FA.200_ - NYC.12.20.24(1).csv
OWNER,OWNER,12.18.24.FA.200_ - NYC.12.20.24(1).csv
ADDRESS,ADDRESS,12.18.24.FA.200_ - NYC.12.20.24(1).csv
CITY,CITY,12.18.24.FA.200_ - NYC.12.20.24(1).csv
STATE,STATE,12.18.24.FA.200_ - NYC.12.20.24(1).csv
ZIP,ZIP,12.18.24.FA.200_ - NYC.12.20.24(1).csv
MONTHLY REVENUE,MONTHLY REVENUE,12.18.24.FA.200_ - NYC.12.20.24(1).csv
PHONE,PHONE,12.18.24.FA.200_ - NYC.12.20.24(1).csv
LINE TYPE,LINE TYPE,12.18.24.FA.200_ - NYC.12.20.24(1).csv
PHONE 2,PHONE 2,12.18.24.FA.200_ - NYC.12.20.24(1).csv
PHONE 2 LINE TYPE,PHONE 2 LINE TYPE,12.18.24.FA.200_ - NYC.12.20.24(1).csv
BUSINESS,BUSINESS,12.18.24.FIO.110_ - NYC.12.20.24(1).csv
OWNER,OWNER,12.18.24.FIO.110_ - NYC.12.20.24(1).csv
EMAIL,EMAIL,12.18.24.FIO.110_ - NYC.12.20.24(1).csv
MONTHLY REVENUE,MONTHLY REVENUE,12.18.24.FIO.110_ - NYC.12.20.24(1).csv
TIB,TIB,12.18.24.FIO.110_ - NYC.12.20.24(1).csv
ADDRESS,ADDRESS,12.18.24.FIO.110_ - NYC.12.20.24(1).csv
CITY,CITY,12.18.24.FIO.110_ - NYC.12.20.24(1).csv
STATE,STATE,12.18.24.FIO.110_ - NYC.12.20.24(1).csv
ZIP,ZIP,12.18.24.FIO.110_ - NYC.12.20.24(1).csv
PHONE,PHONE,12.18.24.FIO.110_ - NYC.12.20.24(1).csv
LINE TYPE,LINE TYPE,12.18.24.FIO.110_ - NYC.12.20.24(1).csv
PHONE 2,PHONE 2,12.18.24.FIO.110_ - NYC.12.20.24(1).csv
PHONE 2 LINE TYPE,PHONE 2 LINE TYPE,12.18.24.FIO.110_ - NYC.12.20.24(1).csv
BUSINESS,BUSINESS,12.19.24.FA.200_ - NYC.12.20.24(1).csv
TIB,TIB,12.19.24.FA.200_ - NYC.12.20.24(1).csv
EMAIL,EMAIL,12.19.24.FA.200_ - NYC.12.20.24(1).csv
OWNER,OWNER,12.19.24.FA.200_ - NYC.12.20.24(1).csv
ADDRESS,ADDRESS,12.19.24.FA.200_ - NYC.12.20.24(1).csv
CITY,CITY,12.19.24.FA.200_ - NYC.12.20.24(1).csv
STATE,STATE,12.19.24.FA.200_ - NYC.12.20.24(1).csv
ZIP,ZIP,12.19.24.FA.200_ - NYC.12.20.24(1).csv
MONTHLY REVENUE,MONTHLY REVENUE,12.19.24.FA.200_ - NYC.12.20.24(1).csv
PHONE,PHONE,12.19.24.FA.200_ - NYC.12.20.24(1).csv
LINE TYPE,LINE TYPE,12.19.24.FA.200_ - NYC.12.20.24(1).csv
PHONE 2,PHONE 2,12.19.24.FA.200_ - NYC.12.20.24(1).csv
PHONE 2 LINE TYPE,PHONE 2 LINE TYPE,12.19.24.FA.200_ - NYC.12.20.24(1).csv
FILE DATE,FILE DATE,12.21.2023. UCC 4000(3)(1)_Sheet1.csv
COMPANY NAME,COMPANY NAME,12.21.2023. UCC 4000(3)(1)_Sheet1.csv
FIRST NAME,FIRST NAME,12.21.2023. UCC 4000(3)(1)_Sheet1.csv
LAST NAME,LAST NAME,12.21.2023. UCC 4000(3)(1)_Sheet1.csv
CELL PHONE 1,CELL PHONE 1,12.21.2023. UCC 4000(3)(1)_Sheet1.csv
ADDRESS,ADDRESS,12.21.2023. UCC 4000(3)(1)_Sheet1.csv
CITY,CITY,12.21.2023. UCC 4000(3)(1)_Sheet1.csv
STATE,STATE,12.21.2023. UCC 4000(3)(1)_Sheet1.csv
ZIP,ZIP,12.21.2023. UCC 4000(3)(1)_Sheet1.csv
SECURED PARTY NAME,SECURED PARTY NAME,12.21.2023. UCC 4000(3)(1)_Sheet1.csv
FILE DATE,FILE DATE,12.23.2022 UCC 4750(5)_Sheet1.csv
COMPANY NAME,COMPANY NAME,12.23.2022 UCC 4750(5)_Sheet1.csv
FIRST NAME,FIRST NAME,12.23.2022 UCC 4750(5)_Sheet1.csv
LAST NAME,LAST NAME,12.23.2022 UCC 4750(5)_Sheet1.csv
CELL PHONE,CELL PHONE,12.23.2022 UCC 4750(5)_Sheet1.csv
ADDRESS,ADDRESS,12.23.2022 UCC 4750(5)_Sheet1.csv
CITY,CITY,12.23.2022 UCC 4750(5)_Sheet1.csv
STATE,STATE,12.23.2022 UCC 4750(5)_Sheet1.csv
ZIP,ZIP,12.23.2022 UCC 4750(5)_Sheet1.csv
SECURED PARTY NAME,SECURED PARTY NAME,12.23.2022 UCC 4750(5)_Sheet1.csv
FILE DATE,FILE DATE,12.23.2022 UCC 4750(9)_Sheet1.csv
COMPANY NAME,COMPANY NAME,12.23.2022 UCC 4750(9)_Sheet1.csv
FIRST NAME,FIRST NAME,12.23.2022 UCC 4750(9)_Sheet1.csv
LAST NAME,LAST NAME,12.23.2022 UCC 4750(9)_Sheet1.csv
CELL PHONE,CELL PHONE,12.23.2022 UCC 4750(9)_Sheet1.csv
ADDRESS,ADDRESS,12.23.2022 UCC 4750(9)_Sheet1.csv
CITY,CITY,12.23.2022 UCC 4750(9)_Sheet1.csv
STATE,STATE,12.23.2022 UCC 4750(9)_Sheet1.csv
ZIP,ZIP,12.23.2022 UCC 4750(9)_Sheet1.csv
SECURED PARTY NAME,SECURED PARTY NAME,12.23.2022 UCC 4750(9)_Sheet1.csv
BUSINESS,BUSINESS,12.23.24.FA.165_ - NYC.01.05.25(1).csv
TIB,TIB,12.23.24.FA.165_ - NYC.01.05.25(1).csv
EMAIL,EMAIL,12.23.24.FA.165_ - NYC.01.05.25(1).csv
OWNER,OWNER,12.23.24.FA.165_ - NYC.01.05.25(1).csv
ADDRESS,ADDRESS,12.23.24.FA.165_ - NYC.01.05.25(1).csv
CITY,CITY,12.23.24.FA.165_ - NYC.01.05.25(1).csv
STATE,STATE,12.23.24.FA.165_ - NYC.01.05.25(1).csv
ZIP,ZIP,12.23.24.FA.165_ - NYC.01.05.25(1).csv
MONTHLY REVENUE,MONTHLY REVENUE,12.23.24.FA.165_ - NYC.01.05.25(1).csv
PHONE,PHONE,12.23.24.FA.165_ - NYC.01.05.25(1).csv
LINE TYPE,LINE TYPE,12.23.24.FA.165_ - NYC.01.05.25(1).csv
PHONE 2,PHONE 2,12.23.24.FA.165_ - NYC.01.05.25(1).csv
PHONE 2 LINE TYPE,PHONE 2 LINE TYPE,12.23.24.FA.165_ - NYC.01.05.25(1).csv
BUSINESS,BUSINESS,12.23.24.FIO.125_ - NYC.010525.csv
OWNER,OWNER,12.23.24.FIO.125_ - NYC.010525.csv
EMAIL,EMAIL,12.23.24.FIO.125_ - NYC.010525.csv
MONTHLY REVENUE,MONTHLY REVENUE,12.23.24.FIO.125_ - NYC.010525.csv
TIB,TIB,12.23.24.FIO.125_ - NYC.010525.csv
ADDRESS,ADDRESS,12.23.24.FIO.125_ - NYC.010525.csv
CITY,CITY,12.23.24.FIO.125_ - NYC.010525.csv
STATE,STATE,12.23.24.FIO.125_ - NYC.010525.csv
ZIP,ZIP,12.23.24.FIO.125_ - NYC.010525.csv
PHONE,PHONE,12.23.24.FIO.125_ - NYC.010525.csv
LINE TYPE,LINE TYPE,12.23.24.FIO.125_ - NYC.010525.csv
PHONE 2,PHONE 2,12.23.24.FIO.125_ - NYC.010525.csv
PHONE 2 LINE TYPE,PHONE 2 LINE TYPE,12.23.24.FIO.125_ - NYC.010525.csv
DEAL STATUS,DEAL STATUS,12.5.24.F2.200_ - NYC.12.11.24(4).csv
BUSINESS,BUSINESS,12.5.24.F2.200_ - NYC.12.11.24(4).csv
OWNER,OWNER,12.5.24.F2.200_ - NYC.12.11.24(4).csv
STATE,STATE,12.5.24.F2.200_ - NYC.12.11.24(4).csv
PHONE,PHONE,12.5.24.F2.200_ - NYC.12.11.24(4).csv
PHONE2,PHONE2,12.5.24.F2.200_ - NYC.12.11.24(4).csv
EMAIL,EMAIL,12.5.24.F2.200_ - NYC.12.11.24(4).csv
REQUESTED AMOUNT,REQUESTED AMOUNT,12.5.24.F2.200_ - NYC.12.11.24(4).csv
ANNUAL REVENUE,ANNUAL REVENUE,12.5.24.F2.200_ - NYC.12.11.24(4).csv
BUSINESS NAME,BUSINESS NAME,12-09-24 Aged Decline Leads(3)_Sheet1.csv
OWNER  NAME,OWNER  NAME,12-09-24 Aged Decline Leads(3)_Sheet1.csv
BUSINESS NUMBER 1,BUSINESS NUMBER 1,12-09-24 Aged Decline Leads(3)_Sheet1.csv
BUSINESS NUMBER 2,BUSINESS NUMBER 2,12-09-24 Aged Decline Leads(3)_Sheet1.csv
EMAIL,EMAIL,12-09-24 Aged Decline Leads(3)_Sheet1.csv
CREDIT SCORE,CREDIT SCORE,12-09-24 Aged Decline Leads(3)_Sheet1.csv
ESTIMATED ANNUAL REVENUE,ESTIMATED ANNUAL REVENUE,12-09-24 Aged Decline Leads(3)_Sheet1.csv
BUSINESS NAME,BUSINESS NAME,12-09-24 Fresh Decline Leads(2)_Sheet1.csv
OWNER  NAME,OWNER  NAME,12-09-24 Fresh Decline Leads(2)_Sheet1.csv
BUSINESS NUMBER 1,BUSINESS NUMBER 1,12-09-24 Fresh Decline Leads(2)_Sheet1.csv
BUSINESS NUMBER 2,BUSINESS NUMBER 2,12-09-24 Fresh Decline Leads(2)_Sheet1.csv
EMAIL,EMAIL,12-09-24 Fresh Decline Leads(2)_Sheet1.csv
CREDIT SCORE,CREDIT SCORE,12-09-24 Fresh Decline Leads(2)_Sheet1.csv
ESTIMATED ANNUAL REVENUE,ESTIMATED ANNUAL REVENUE,12-09-24 Fresh Decline Leads(2)_Sheet1.csv
BUSINESS NAME,BUSINESS NAME,121 - 2 and 3 January 2025_Sheet1.csv
BUSINESS START DATE,BUSINESS START DATE,121 - 2 and 3 January 2025_Sheet1.csv
EIN,EIN,121 - 2 and 3 January 2025_Sheet1.csv
MOBILE,MOBILE,121 - 2 and 3 January 2025_Sheet1.csv
EMAIL,EMAIL,121 - 2 and 3 January 2025_Sheet1.csv
OWNER NAME,OWNER NAME,121 - 2 and 3 January 2025_Sheet1.csv
BIRTH DATE,BIRTH DATE,121 - 2 and 3 January 2025_Sheet1.csv
STATE,STATE,121 - 2 and 3 January 2025_Sheet1.csv
MONTHLY REVENUE,MONTHLY REVENUE,121 - 2 and 3 January 2025_Sheet1.csv
BUSINESS NAMES,BUSINESS NAMES,121 leads 6-1-2024(1)(1)_Sheet1.csv
BUSINESS START DATE,BUSINESS START DATE,121 leads 6-1-2024(1)(1)_Sheet1.csv
EIN,EIN,121 leads 6-1-2024(1)(1)_Sheet1.csv
MOBILE,MOBILE,121 leads 6-1-2024(1)(1)_Sheet1.csv
EMAIL,EMAIL,121 leads 6-1-2024(1)(1)_Sheet1.csv
OWNER NAME,OWNER NAME,121 leads 6-1-2024(1)(1)_Sheet1.csv
BIRTH DATE,BIRTH DATE,121 leads 6-1-2024(1)(1)_Sheet1.csv
STATE,STATE,121 leads 6-1-2024(1)(1)_Sheet1.csv
ZIP,ZIP,121 leads 6-1-2024(1)(1)_Sheet1.csv
MONTHLY REVENUE,MONTHLY REVENUE,121 leads 6-1-2024(1)(1)_Sheet1.csv
COMPANY,COMPANY,121024 Professional Cash Advance MCA Subs 2000(1).csv
OWNER,OWNER,121024 Professional Cash Advance MCA Subs 2000(1).csv
PHONE 1,PHONE 1,121024 Professional Cash Advance MCA Subs 2000(1).csv
PHONE 2,PHONE 2,121024 Professional Cash Advance MCA Subs 2000(1).csv
ADDRESS,ADDRESS,121024 Professional Cash Advance MCA Subs 2000(1).csv
DATE,DATE,121024 Professional Cash Advance MCA Subs 2000(1).csv
REVENUE PER MONTH,REVENUE PER MONTH,121024 Professional Cash Advance MCA Subs 2000(1).csv
LOANS,LOANS,121024 Professional Cash Advance MCA Subs 2000(1).csv
BUSINESS NAME,BUSINESS NAME,12-11-23-CPW(1)_Sheet1.csv
DBA,DBA,12-11-23-CPW(1)_Sheet1.csv
EIN,EIN,12-11-23-CPW(1)_Sheet1.csv
ADDRESS,ADDRESS,12-11-23-CPW(1)_Sheet1.csv
OWNER 1,OWNER 1,12-11-23-CPW(1)_Sheet1.csv
D.O.B.,D.O.B.,12-11-23-CPW(1)_Sheet1.csv
MERCHANT EMAIL,MERCHANT EMAIL,12-11-23-CPW(1)_Sheet1.csv
SSI,SSI,12-11-23-CPW(1)_Sheet1.csv
APPLICATION SIGN DATE,APPLICATION SIGN DATE,12-11-23-CPW(1)_Sheet1.csv
CONTACT NUMBER,CONTACT NUMBER,12-11-23-CPW(1)_Sheet1.csv
BUSINESS NAME,BUSINESS NAME,12-12-23-CPW (1)_Sheet1.csv
DBA,DBA,12-12-23-CPW (1)_Sheet1.csv
EIN,EIN,12-12-23-CPW (1)_Sheet1.csv
ADDRESS,ADDRESS,12-12-23-CPW (1)_Sheet1.csv
D.O.B.,D.O.B.,12-12-23-CPW (1)_Sheet1.csv
MERCHANT EMAIL,MERCHANT EMAIL,12-12-23-CPW (1)_Sheet1.csv
SSI,SSI,12-12-23-CPW (1)_Sheet1.csv
APPLICATION SIGN DATE,APPLICATION SIGN DATE,12-12-23-CPW (1)_Sheet1.csv
CONTACT NUMBER,CONTACT NUMBER,12-12-23-CPW (1)_Sheet1.csv
BUSINESS NAME,BUSINESS NAME,12-13-23-CPW(2)_Sheet1.csv
DBA,DBA,12-13-23-CPW(2)_Sheet1.csv
EIN,EIN,12-13-23-CPW(2)_Sheet1.csv
ADDRESS,ADDRESS,12-13-23-CPW(2)_Sheet1.csv
OWNER 1,OWNER 1,12-13-23-CPW(2)_Sheet1.csv
D.O.B.,D.O.B.,12-13-23-CPW(2)_Sheet1.csv
MERCHANT EMAIL,MERCHANT EMAIL,12-13-23-CPW(2)_Sheet1.csv
SSI,SSI,12-13-23-CPW(2)_Sheet1.csv
APPLICATION SIGN DATE,APPLICATION SIGN DATE,12-13-23-CPW(2)_Sheet1.csv
CONTACT NUMBER,CONTACT NUMBER,12-13-23-CPW(2)_Sheet1.csv
NAME,NAME,12-14-23 Funded Deals(5)(1)_Sheet1.csv
PHONE NUMBER,PHONE NUMBER,12-14-23 Funded Deals(5)(1)_Sheet1.csv
EMAIL,EMAIL,12-14-23 Funded Deals(5)(1)_Sheet1.csv
COMPANY,COMPANY,12-14-23 Funded Deals(5)(1)_Sheet1.csv
CREDIT SCORE,CREDIT SCORE,12-14-23 Funded Deals(5)(1)_Sheet1.csv
LOAN AMOUNT,LOAN AMOUNT,12-14-23 Funded Deals(5)(1)_Sheet1.csv
MONTHLY REVENUE,MONTHLY REVENUE,12-14-23 Funded Deals(5)(1)_Sheet1.csv
LINE TYPE,LINE TYPE,12-14-23 Funded Deals(5)(1)_Sheet1.csv
BUSINESS NAME,BUSINESS NAME,12-14-23-CPW(2)_Sheet1.csv
DBA,DBA,12-14-23-CPW(2)_Sheet1.csv
EIN,EIN,12-14-23-CPW(2)_Sheet1.csv
ADDRESS,ADDRESS,12-14-23-CPW(2)_Sheet1.csv
OWNER 1,OWNER 1,12-14-23-CPW(2)_Sheet1.csv
D.O.B.,D.O.B.,12-14-23-CPW(2)_Sheet1.csv
MERCHANT EMAIL,MERCHANT EMAIL,12-14-23-CPW(2)_Sheet1.csv
SSI,SSI,12-14-23-CPW(2)_Sheet1.csv
APPLICATION SIGN DATE,APPLICATION SIGN DATE,12-14-23-CPW(2)_Sheet1.csv
CONTACT NUMBER,CONTACT NUMBER,12-14-23-CPW(2)_Sheet1.csv
BUSINESS ID NUMBER,BUSINESS ID NUMBER,1250 Full Package Leads_Hoja1.csv
BUSINESS NAME,BUSINESS NAME,1250 Full Package Leads_Hoja1.csv
ADDRESS,ADDRESS,1250 Full Package Leads_Hoja1.csv
CITY,CITY,1250 Full Package Leads_Hoja1.csv
STATE,STATE,1250 Full Package Leads_Hoja1.csv
ZIP,ZIP,1250 Full Package Leads_Hoja1.csv
ZIP+4,ZIP+4,1250 Full Package Leads_Hoja1.csv
PHONE,PHONE,1250 Full Package Leads_Hoja1.csv
CONTACT,CONTACT,1250 Full Package Leads_Hoja1.csv
GENDER,GENDER,1250 Full Package Leads_Hoja1.csv
TITLE,TITLE,1250 Full Package Leads_Hoja1.csv
SIC CODE,SIC CODE,1250 Full Package Leads_Hoja1.csv
SIC DESCRIPTION,SIC DESCRIPTION,1250 Full Package Leads_Hoja1.csv
NAICS CODE,NAICS CODE,1250 Full Package Leads_Hoja1.csv
NAICS DESCRIPTION,NAICS DESCRIPTION,1250 Full Package Leads_Hoja1.csv
LOCATION TYPE,LOCATION TYPE,1250 Full Package Leads_Hoja1.csv
YEAR OF 1ST APPEARANCE,YEAR OF 1ST APPEARANCE,1250 Full Package Leads_Hoja1.csv
NUMBER OF LOCAL EMPLOYEES,NUMBER OF LOCAL EMPLOYEES,1250 Full Package Leads_Hoja1.csv
TOTAL NUMBER OF EMPLOYEES,TOTAL NUMBER OF EMPLOYEES,1250 Full Package Leads_Hoja1.csv
LOCAL ANNUAL SALES,LOCAL ANNUAL SALES,1250 Full Package Leads_Hoja1.csv
TOTAL ANNUAL SALES,TOTAL ANNUAL SALES,1250 Full Package Leads_Hoja1.csv
AD SIZE,AD SIZE,1250 Full Package Leads_Hoja1.csv
BUSINESS AT HOME,BUSINESS AT HOME,1250 Full Package Leads_Hoja1.csv
ULTIMATE PARENT ID,ULTIMATE PARENT ID,1250 Full Package Leads_Hoja1.csv
ULTIMATE PARENT NAME,ULTIMATE PARENT NAME,1250 Full Package Leads_Hoja1.csv
SUBSIDIARY PARENT ID,SUBSIDIARY PARENT ID,1250 Full Package Leads_Hoja1.csv
SUBSIDIARY PARENT NAME,SUBSIDIARY PARENT NAME,1250 Full Package Leads_Hoja1.csv
FORTUNE 1000 RANK,FORTUNE 1000 RANK,1250 Full Package Leads_Hoja1.csv
ULTIMATE SITE NUMBER,ULTIMATE SITE NUMBER,1250 Full Package Leads_Hoja1.csv
LATITUDE,LATITUDE,1250 Full Package Leads_Hoja1.csv
LONGITUDE,LONGITUDE,1250 Full Package Leads_Hoja1.csv
MATCH FLAG,MATCH FLAG,1250 Full Package Leads_Hoja1.csv
CBSA CODE,CBSA CODE,1250 Full Package Leads_Hoja1.csv
CBSA NAME,CBSA NAME,1250 Full Package Leads_Hoja1.csv
FIPS CODE,FIPS CODE,1250 Full Package Leads_Hoja1.csv
COUNTY,COUNTY,1250 Full Package Leads_Hoja1.csv
SECONDARY ADDRESS,SECONDARY ADDRESS,1250 Full Package Leads_Hoja1.csv
SECONDARY STATE,SECONDARY STATE,1250 Full Package Leads_Hoja1.csv
SECONDARY CITY,SECONDARY CITY,1250 Full Package Leads_Hoja1.csv
SECONDARY ZIP,SECONDARY ZIP,1250 Full Package Leads_Hoja1.csv
SECONDARY ZIP4,SECONDARY ZIP4,1250 Full Package Leads_Hoja1.csv
FAX,FAX,1250 Full Package Leads_Hoja1.csv
SECONDARY SIC 1,SECONDARY SIC 1,1250 Full Package Leads_Hoja1.csv
SECONDARY SIC 2,SECONDARY SIC 2,1250 Full Package Leads_Hoja1.csv
SECONDARY SIC 3,SECONDARY SIC 3,1250 Full Package Leads_Hoja1.csv
SECONDARY SIC 4,SECONDARY SIC 4,1250 Full Package Leads_Hoja1.csv
BRAND CODES,BRAND CODES,1250 Full Package Leads_Hoja1.csv
FRANCHISE CODES,FRANCHISE CODES,1250 Full Package Leads_Hoja1.csv
CHAIN CODES,CHAIN CODES,1250 Full Package Leads_Hoja1.csv
SPECIALTY CODES,SPECIALTY CODES,1250 Full Package Leads_Hoja1.csv
BUSINESS NAME,BUSINESS NAME,125-oct 14th week_Sheet1.csv
BUSINESS TYPE,BUSINESS TYPE,125-oct 14th week_Sheet1.csv
BUSINESS START DATE,BUSINESS START DATE,125-oct 14th week_Sheet1.csv
EIN,EIN,125-oct 14th week_Sheet1.csv
MOBILE,MOBILE,125-oct 14th week_Sheet1.csv
PHONE,PHONE,125-oct 14th week_Sheet1.csv
EMAIL,EMAIL,125-oct 14th week_Sheet1.csv
SSN,SSN,125-oct 14th week_Sheet1.csv
OWNER NAME,OWNER NAME,125-oct 14th week_Sheet1.csv
BIRTH DATE,BIRTH DATE,125-oct 14th week_Sheet1.csv
ADDRESS STREET,ADDRESS STREET,125-oct 14th week_Sheet1.csv
CITY,CITY,125-oct 14th week_Sheet1.csv
STATE,STATE,125-oct 14th week_Sheet1.csv
ZIP,ZIP,125-oct 14th week_Sheet1.csv
MONTHLY REVENUE,MONTHLY REVENUE,125-oct 14th week_Sheet1.csv
CREDIT SCORE,CREDIT SCORE,125-oct 14th week_Sheet1.csv
PHONE1,PHONE1,12k mca app info digiapp-JULY (1)(1)(1)_Sheet1.csv
FIRSTNAME,FIRSTNAME,12k mca app info digiapp-JULY (1)(1)(1)_Sheet1.csv
LASTNAME,LASTNAME,12k mca app info digiapp-JULY (1)(1)(1)_Sheet1.csv
ADDRESS1,ADDRESS1,12k mca app info digiapp-JULY (1)(1)(1)_Sheet1.csv
CITY,CITY,12k mca app info digiapp-JULY (1)(1)(1)_Sheet1.csv
STATE,STATE,12k mca app info digiapp-JULY (1)(1)(1)_Sheet1.csv
ZIP,ZIP,12k mca app info digiapp-JULY (1)(1)(1)_Sheet1.csv
EMAIL,EMAIL,12k mca app info digiapp-JULY (1)(1)(1)_Sheet1.csv
COMPANY,COMPANY,12k mca app info digiapp-JULY (1)(1)(1)_Sheet1.csv
AMOUNT,AMOUNT,12k mca app info digiapp-JULY (1)(1)(1)_Sheet1.csv
REVENUE,REVENUE,12k mca app info digiapp-JULY (1)(1)(1)_Sheet1.csv
PHONE1,PHONE1,12k mca app info digiapp-JULY (1)(1)_Sheet1.csv
FIRSTNAME,FIRSTNAME,12k mca app info digiapp-JULY (1)(1)_Sheet1.csv
LASTNAME,LASTNAME,12k mca app info digiapp-JULY (1)(1)_Sheet1.csv
ADDRESS1,ADDRESS1,12k mca app info digiapp-JULY (1)(1)_Sheet1.csv
CITY,CITY,12k mca app info digiapp-JULY (1)(1)_Sheet1.csv
STATE,STATE,12k mca app info digiapp-JULY (1)(1)_Sheet1.csv
ZIP,ZIP,12k mca app info digiapp-JULY (1)(1)_Sheet1.csv
EMAIL,EMAIL,12k mca app info digiapp-JULY (1)(1)_Sheet1.csv
COMPANY,COMPANY,12k mca app info digiapp-JULY (1)(1)_Sheet1.csv
AMOUNT,AMOUNT,12k mca app info digiapp-JULY (1)(1)_Sheet1.csv
REVENUE,REVENUE,12k mca app info digiapp-JULY (1)(1)_Sheet1.csv
FIRST NAME,FIRST NAME,1300 FUNDED DEAL DATA JULY 2022_Sheet1.csv
LAST NAME,LAST NAME,1300 FUNDED DEAL DATA JULY 2022_Sheet1.csv
COMPANY,COMPANY,1300 FUNDED DEAL DATA JULY 2022_Sheet1.csv
PHONE,PHONE,1300 FUNDED DEAL DATA JULY 2022_Sheet1.csv
EMAIL,EMAIL,1300 FUNDED DEAL DATA JULY 2022_Sheet1.csv
STATE,STATE,1300 FUNDED DEAL DATA JULY 2022_Sheet1.csv
TIMEZONE,TIMEZONE,1300 FUNDED DEAL DATA JULY 2022_Sheet1.csv
LINE_TYPE,LINE_TYPE,1300 FUNDED DEAL DATA JULY 2022_Sheet1.csv
PHONE_STATUS,PHONE_STATUS,1300 FUNDED DEAL DATA JULY 2022_Sheet1.csv
FUNDED,FUNDED,1300 FUNDED DEAL DATA JULY 2022_Sheet1.csv
FACTOR,FACTOR,1300 FUNDED DEAL DATA JULY 2022_Sheet1.csv
TERM,TERM,1300 FUNDED DEAL DATA JULY 2022_Sheet1.csv
NAME,NAME,1300 MULTIPLE POSITION APP INFO DEC 2022(2)_Sheet1.csv
EMAIL 1,EMAIL 1,1300 MULTIPLE POSITION APP INFO DEC 2022(2)_Sheet1.csv
PHONE 1,PHONE 1,1300 MULTIPLE POSITION APP INFO DEC 2022(2)_Sheet1.csv
PHONE 2,PHONE 2,1300 MULTIPLE POSITION APP INFO DEC 2022(2)_Sheet1.csv
PHONE 3,PHONE 3,1300 MULTIPLE POSITION APP INFO DEC 2022(2)_Sheet1.csv
ADDRESS 1 - STREET,ADDRESS 1 - STREET,1300 MULTIPLE POSITION APP INFO DEC 2022(2)_Sheet1.csv
ADDRESS 1 - CITY,ADDRESS 1 - CITY,1300 MULTIPLE POSITION APP INFO DEC 2022(2)_Sheet1.csv
ADDRESS 1 - STATE,ADDRESS 1 - STATE,1300 MULTIPLE POSITION APP INFO DEC 2022(2)_Sheet1.csv
ADDRESS 1 - ZIP,ADDRESS 1 - ZIP,1300 MULTIPLE POSITION APP INFO DEC 2022(2)_Sheet1.csv
BUSINESS START DATE,BUSINESS START DATE,1300 MULTIPLE POSITION APP INFO DEC 2022(2)_Sheet1.csv
COMPANY,COMPANY,1300 MULTIPLE POSITION APP INFO DEC 2022(2)_Sheet1.csv
CREDIT SCORE,CREDIT SCORE,1300 MULTIPLE POSITION APP INFO DEC 2022(2)_Sheet1.csv
6627269213.0,6627269213.0,1387 mca app info 30-45 days(1)(1)_Sheet1.csv
SAMIH SAMARA,SAMIH SAMARA,1387 mca app info 30-45 days(1)(1)_Sheet1.csv
SAMIH.FAMARA@YAHOO.COM,SAMIH.FAMARA@YAHOO.COM,1387 mca app info 30-45 days(1)(1)_Sheet1.csv
MIKE'S QUICK STOP,MIKE'S QUICK STOP,1387 mca app info 30-45 days(1)(1)_Sheet1.csv
USD 80000.00,USD 80000.00,1387 mca app info 30-45 days(1)(1)_Sheet1.csv
MERCHANT NAME,MERCHANT NAME,14,857 MCA FUNDED LEADS 2023(3)_Sheet1.csv
BUSINESS NAME,BUSINESS NAME,14,857 MCA FUNDED LEADS 2023(3)_Sheet1.csv
CELL PHONE NUMBERS,CELL PHONE NUMBERS,14,857 MCA FUNDED LEADS 2023(3)_Sheet1.csv
FUNDED AMOUNT,FUNDED AMOUNT,14,857 MCA FUNDED LEADS 2023(3)_Sheet1.csv
YEARS IN BUSINESS,YEARS IN BUSINESS,14,857 MCA FUNDED LEADS 2023(3)_Sheet1.csv
CREDIT SCORE/ FICO SCORE,CREDIT SCORE/ FICO SCORE,14,857 MCA FUNDED LEADS 2023(3)_Sheet1.csv
EMAIL,EMAIL,14,857 MCA FUNDED LEADS 2023(3)_Sheet1.csv
OWNER NAME,OWNER NAME,1453 app info 30-90 days w positions _Sheet1.csv
COMPANY,COMPANY,1453 app info 30-90 days w positions _Sheet1.csv
PHONE1,PHONE1,1453 app info 30-90 days w positions _Sheet1.csv
PHONE2,PHONE2,1453 app info 30-90 days w positions _Sheet1.csv
EMAIL,EMAIL,1453 app info 30-90 days w positions _Sheet1.csv
EMAIL 2,EMAIL 2,1453 app info 30-90 days w positions _Sheet1.csv
ADDRESS,ADDRESS,1453 app info 30-90 days w positions _Sheet1.csv
CITY,CITY,1453 app info 30-90 days w positions _Sheet1.csv
STATE,STATE,1453 app info 30-90 days w positions _Sheet1.csv
ZIP,ZIP,1453 app info 30-90 days w positions _Sheet1.csv
TIB,TIB,1453 app info 30-90 days w positions _Sheet1.csv
CREDIT SCORE,CREDIT SCORE,1453 app info 30-90 days w positions _Sheet1.csv
REVENUE,REVENUE,1453 app info 30-90 days w positions _Sheet1.csv
NAME,NAME,1486 app info 30-45 days _Sheet1.csv
BUSINESS NAME,BUSINESS NAME,1486 app info 30-45 days _Sheet1.csv
PHONE NUMBER,PHONE NUMBER,1486 app info 30-45 days _Sheet1.csv
EMAIL ADDRESS,EMAIL ADDRESS,1486 app info 30-45 days _Sheet1.csv
DEPOSIT,DEPOSIT,1486 app info 30-45 days _Sheet1.csv
TIME IN BUSINESS,TIME IN BUSINESS,1486 app info 30-45 days _Sheet1.csv
LOOKING FOR,LOOKING FOR,1486 app info 30-45 days _Sheet1.csv
STATE,STATE,1486 app info 30-45 days _Sheet1.csv
PHONE NUMBER,PHONE NUMBER,14K UCCS(3)(1)_Sheet1.csv
FIRST NAME,FIRST NAME,14K UCCS(3)(1)_Sheet1.csv
LAST NAME,LAST NAME,14K UCCS(3)(1)_Sheet1.csv
EMAIL,EMAIL,14K UCCS(3)(1)_Sheet1.csv
COMPANY,COMPANY,14K UCCS(3)(1)_Sheet1.csv
REVENUE,REVENUE,14K UCCS(3)(1)_Sheet1.csv
LINE TYPE,LINE TYPE,14K UCCS(3)(1)_Sheet1.csv
STATE,STATE,14K UCCS(3)(1)_Sheet1.csv
ADDRESS,ADDRESS,14K UCCS(3)(1)_Sheet1.csv
CITY,CITY,14K UCCS(3)(1)_Sheet1.csv
ZIP,ZIP,14K UCCS(3)(1)_Sheet1.csv
SIC DESCRIPTION,SIC DESCRIPTION,14K UCCS(3)(1)_Sheet1.csv
FILING YEAR,FILING YEAR,14K UCCS(3)(1)_Sheet1.csv
SEC PARTYNAME,SEC PARTYNAME,14K UCCS(3)(1)_Sheet1.csv
EMPLOYEE_SIZE,EMPLOYEE_SIZE,14K UCCS(3)(1)_Sheet1.csv
NETWORK,NETWORK,14K UCCS(3)(1)_Sheet1.csv
PHONE NUMBER,PHONE NUMBER,14K UCCS-2024_Sheet1.csv
FIRST NAME,FIRST NAME,14K UCCS-2024_Sheet1.csv
LAST NAME,LAST NAME,14K UCCS-2024_Sheet1.csv
EMAIL,EMAIL,14K UCCS-2024_Sheet1.csv
COMPANY,COMPANY,14K UCCS-2024_Sheet1.csv
REVENUE,REVENUE,14K UCCS-2024_Sheet1.csv
LINE TYPE,LINE TYPE,14K UCCS-2024_Sheet1.csv
STATE,STATE,14K UCCS-2024_Sheet1.csv
ADDRESS,ADDRESS,14K UCCS-2024_Sheet1.csv
CITY,CITY,14K UCCS-2024_Sheet1.csv
ZIP,ZIP,14K UCCS-2024_Sheet1.csv
SIC DESCRIPTION,SIC DESCRIPTION,14K UCCS-2024_Sheet1.csv
FILING YEAR,FILING YEAR,14K UCCS-2024_Sheet1.csv
SEC PARTYNAME,SEC PARTYNAME,14K UCCS-2024_Sheet1.csv
EMPLOYEE_SIZE,EMPLOYEE_SIZE,14K UCCS-2024_Sheet1.csv
NETWORK,NETWORK,14K UCCS-2024_Sheet1.csv
BUSINESS NAMES,BUSINESS NAMES,15_17_18 August 2024 211 leads_Sheet1.csv
BUSINESS START DATE,BUSINESS START DATE,15_17_18 August 2024 211 leads_Sheet1.csv
EIN,EIN,15_17_18 August 2024 211 leads_Sheet1.csv
MOBILE,MOBILE,15_17_18 August 2024 211 leads_Sheet1.csv
EMAIL,EMAIL,15_17_18 August 2024 211 leads_Sheet1.csv
OWNER NAME,OWNER NAME,15_17_18 August 2024 211 leads_Sheet1.csv
BIRTH DATE,BIRTH DATE,15_17_18 August 2024 211 leads_Sheet1.csv
STATE,STATE,15_17_18 August 2024 211 leads_Sheet1.csv
MONTHLY REVENUE,MONTHLY REVENUE,15_17_18 August 2024 211 leads_Sheet1.csv
BUSINESS NAME,BUSINESS NAME,150 leads - 9 Nov 2024(4)_Sheet1.csv
BUSINESS START DATE,BUSINESS START DATE,150 leads - 9 Nov 2024(4)_Sheet1.csv
EIN,EIN,150 leads - 9 Nov 2024(4)_Sheet1.csv
MOBILE,MOBILE,150 leads - 9 Nov 2024(4)_Sheet1.csv
EMAIL,EMAIL,150 leads - 9 Nov 2024(4)_Sheet1.csv
OWNER NAME,OWNER NAME,150 leads - 9 Nov 2024(4)_Sheet1.csv
BIRTH DATE,BIRTH DATE,150 leads - 9 Nov 2024(4)_Sheet1.csv
STATE,STATE,150 leads - 9 Nov 2024(4)_Sheet1.csv
MONTHLY REVENUE,MONTHLY REVENUE,150 leads - 9 Nov 2024(4)_Sheet1.csv
FIRST NAME,FIRST NAME,15-45 Days Funded Leads(1)(2)_Sheet1.csv
LAST NAME,LAST NAME,15-45 Days Funded Leads(1)(2)_Sheet1.csv
PHONE NUMBER,PHONE NUMBER,15-45 Days Funded Leads(1)(2)_Sheet1.csv
EMAIL,EMAIL,15-45 Days Funded Leads(1)(2)_Sheet1.csv
COMPANY,COMPANY,15-45 Days Funded Leads(1)(2)_Sheet1.csv
REVENUE,REVENUE,15-45 Days Funded Leads(1)(2)_Sheet1.csv
AMOUNT FUNDED,AMOUNT FUNDED,15-45 Days Funded Leads(1)(2)_Sheet1.csv
STATE,STATE,15-45 Days Funded Leads(1)(2)_Sheet1.csv
FACTOR RATE,FACTOR RATE,15-45 Days Funded Leads(1)(2)_Sheet1.csv
POSITION,POSITION,15-45 Days Funded Leads(1)(2)_Sheet1.csv
LINE TYPE,LINE TYPE,15-45 Days Funded Leads(1)(2)_Sheet1.csv
EMAIL STATUS,EMAIL STATUS,15-45 Days Funded Leads(1)(2)_Sheet1.csv
FIRST NAME,FIRST NAME,15k A List Submissons -60-90 days _Sheet1.csv
LAST NAME,LAST NAME,15k A List Submissons -60-90 days _Sheet1.csv
COMPANY,COMPANY,15k A List Submissons -60-90 days _Sheet1.csv
EMAIL,EMAIL,15k A List Submissons -60-90 days _Sheet1.csv
PHONE NUMBER,PHONE NUMBER,15k A List Submissons -60-90 days _Sheet1.csv
PHONE 2,PHONE 2,15k A List Submissons -60-90 days _Sheet1.csv
PHONE 3,PHONE 3,15k A List Submissons -60-90 days _Sheet1.csv
STATE,STATE,15k A List Submissons -60-90 days _Sheet1.csv
TAX ID,TAX ID,15k A List Submissons -60-90 days _Sheet1.csv
NETWORKTYPE,NETWORKTYPE,15k A List Submissons -60-90 days _Sheet1.csv
NUMBERTYPE 1,NUMBERTYPE 1,15k A List Submissons -60-90 days _Sheet1.csv
NETWORKTYPE,NETWORKTYPE,15k A List Submissons -60-90 days _Sheet1.csv
PHONE1,PHONE1,15k MCA digi apps 2023 _15k MCA digi apps .csv
FIRSTNAME,FIRSTNAME,15k MCA digi apps 2023 _15k MCA digi apps .csv
LASTNAME,LASTNAME,15k MCA digi apps 2023 _15k MCA digi apps .csv
ADDRESS1,ADDRESS1,15k MCA digi apps 2023 _15k MCA digi apps .csv
CITY,CITY,15k MCA digi apps 2023 _15k MCA digi apps .csv
STATE,STATE,15k MCA digi apps 2023 _15k MCA digi apps .csv
ZIP,ZIP,15k MCA digi apps 2023 _15k MCA digi apps .csv
EMAIL,EMAIL,15k MCA digi apps 2023 _15k MCA digi apps .csv
COMPANY,COMPANY,15k MCA digi apps 2023 _15k MCA digi apps .csv
AMOUNT,AMOUNT,15k MCA digi apps 2023 _15k MCA digi apps .csv
REVENUE,REVENUE,15k MCA digi apps 2023 _15k MCA digi apps .csv
FIRST NAME,FIRST NAME,15k-A list Lender Submissions(2)_Sheet1.csv
LAST NAME,LAST NAME,15k-A list Lender Submissions(2)_Sheet1.csv
COMPANY,COMPANY,15k-A list Lender Submissions(2)_Sheet1.csv
MOBILE PHONE NUMBER,MOBILE PHONE NUMBER,15k-A list Lender Submissions(2)_Sheet1.csv
BUSINESS PHONE,BUSINESS PHONE,15k-A list Lender Submissions(2)_Sheet1.csv
EMAIL,EMAIL,15k-A list Lender Submissions(2)_Sheet1.csv
STATE,STATE,15k-A list Lender Submissions(2)_Sheet1.csv
MONTHLY REVENUE,MONTHLY REVENUE,15k-A list Lender Submissions(2)_Sheet1.csv
DATE BUSINESS STARTED,DATE BUSINESS STARTED,15k-A list Lender Submissions(2)_Sheet1.csv
TAX ID,TAX ID,15k-A list Lender Submissions(2)_Sheet1.csv
OWNER NAME,OWNER NAME,166 (5-2-2024)_Sheet1.csv
BUSINESS NAMES,BUSINESS NAMES,166 (5-2-2024)_Sheet1.csv
CITY,CITY,166 (5-2-2024)_Sheet1.csv
STATE,STATE,166 (5-2-2024)_Sheet1.csv
ZIP,ZIP,166 (5-2-2024)_Sheet1.csv
BUSINESS START DATE,BUSINESS START DATE,166 (5-2-2024)_Sheet1.csv
EIN,EIN,166 (5-2-2024)_Sheet1.csv
MOBILE,MOBILE,166 (5-2-2024)_Sheet1.csv
EMAIL,EMAIL,166 (5-2-2024)_Sheet1.csv
SSN,SSN,166 (5-2-2024)_Sheet1.csv
DOB,DOB,166 (5-2-2024)_Sheet1.csv
DEPOSIT MONTHLY,DEPOSIT MONTHLY,166 (5-2-2024)_Sheet1.csv
RECORD ID#,RECORD ID#,16k big list afn (1)_output_filtered.csv
BROKER EMAIL 1,BROKER EMAIL 1,16k big list afn (1)_output_filtered.csv
BROKER EMAIL 2,BROKER EMAIL 2,16k big list afn (1)_output_filtered.csv
FULL BROKER NAME,FULL BROKER NAME,16k big list afn (1)_output_filtered.csv
SECURED PARTY,SECURED PARTY,16k Cells new(2)_Sheet1.csv
FILLED,FILLED,16k Cells new(2)_Sheet1.csv
COMPANY NAME,COMPANY NAME,16k Cells new(2)_Sheet1.csv
ADDRESS,ADDRESS,16k Cells new(2)_Sheet1.csv
CITY,CITY,16k Cells new(2)_Sheet1.csv
STATE,STATE,16k Cells new(2)_Sheet1.csv
CONTACT NAME,CONTACT NAME,16k Cells new(2)_Sheet1.csv
MOBILE,MOBILE,16k Cells new(2)_Sheet1.csv
BUSINESS NAME,BUSINESS NAME,1723 Leads with Positions 2APRIL2025(1)_1723 Leads with Positions  APRI.csv
ADDRESS,ADDRESS,1723 Leads with Positions 2APRIL2025(1)_1723 Leads with Positions  APRI.csv
FULL NAME,FULL NAME,1723 Leads with Positions 2APRIL2025(1)_1723 Leads with Positions  APRI.csv
DOB,DOB,1723 Leads with Positions 2APRIL2025(1)_1723 Leads with Positions  APRI.csv
EMAIL,EMAIL,1723 Leads with Positions 2APRIL2025(1)_1723 Leads with Positions  APRI.csv
PHONE,PHONE,1723 Leads with Positions 2APRIL2025(1)_1723 Leads with Positions  APRI.csv
PHONE2,PHONE2,1723 Leads with Positions 2APRIL2025(1)_1723 Leads with Positions  APRI.csv
PHONE3,PHONE3,1723 Leads with Positions 2APRIL2025(1)_1723 Leads with Positions  APRI.csv
MONTHLY REVENUE,MONTHLY REVENUE,1723 Leads with Positions 2APRIL2025(1)_1723 Leads with Positions  APRI.csv
BUSINESS START DATE,BUSINESS START DATE,1723 Leads with Positions 2APRIL2025(1)_1723 Leads with Positions  APRI.csv
EIN,EIN,1723 Leads with Positions 2APRIL2025(1)_1723 Leads with Positions  APRI.csv
TOTAL POSITIONS,TOTAL POSITIONS,1723 Leads with Positions 2APRIL2025(1)_1723 Leads with Positions  APRI.csv
LENDER 1,LENDER 1,1723 Leads with Positions 2APRIL2025(1)_1723 Leads with Positions  APRI.csv
LENDER 1 AMOUNT,LENDER 1 AMOUNT,1723 Leads with Positions 2APRIL2025(1)_1723 Leads with Positions  APRI.csv
LENDER 1 TERM,LENDER 1 TERM,1723 Leads with Positions 2APRIL2025(1)_1723 Leads with Positions  APRI.csv
LENDER 2,LENDER 2,1723 Leads with Positions 2APRIL2025(1)_1723 Leads with Positions  APRI.csv
LENDER 2 AMOUNT,LENDER 2 AMOUNT,1723 Leads with Positions 2APRIL2025(1)_1723 Leads with Positions  APRI.csv
LENDER 2 TERM,LENDER 2 TERM,1723 Leads with Positions 2APRIL2025(1)_1723 Leads with Positions  APRI.csv
LENDER 3,LENDER 3,1723 Leads with Positions 2APRIL2025(1)_1723 Leads with Positions  APRI.csv
LENDER 3 AMOUNT,LENDER 3 AMOUNT,1723 Leads with Positions 2APRIL2025(1)_1723 Leads with Positions  APRI.csv
LENDER 3 TERM,LENDER 3 TERM,1723 Leads with Positions 2APRIL2025(1)_1723 Leads with Positions  APRI.csv
FIRST NAME,FIRST NAME,1732 iso data verf march 2024 _1732 mca iso data .csv
LAST NAME,LAST NAME,1732 iso data verf march 2024 _1732 mca iso data .csv
TITLE,TITLE,1732 iso data verf march 2024 _1732 mca iso data .csv
EMAIL,EMAIL,1732 iso data verf march 2024 _1732 mca iso data .csv
COMPANY NAME FOR EMAILS,COMPANY NAME FOR EMAILS,1732 iso data verf march 2024 _1732 mca iso data .csv
FIRST PHONE,FIRST PHONE,1732 iso data verf march 2024 _1732 mca iso data .csv
CORPORATE PHONE,CORPORATE PHONE,1732 iso data verf march 2024 _1732 mca iso data .csv
# EMPLOYEES,# EMPLOYEES,1732 iso data verf march 2024 _1732 mca iso data .csv
EMAILABLE STATE,EMAILABLE STATE,1732 iso data verf march 2024 _1732 mca iso data .csv
EMAILABLE REASON,EMAILABLE REASON,1732 iso data verf march 2024 _1732 mca iso data .csv
EMAILABLE SCORE,EMAILABLE SCORE,1732 iso data verf march 2024 _1732 mca iso data .csv
EMAILABLE ACCEPT ALL,EMAILABLE ACCEPT ALL,1732 iso data verf march 2024 _1732 mca iso data .csv
EMAILABLE DISPOSABLE,EMAILABLE DISPOSABLE,1732 iso data verf march 2024 _1732 mca iso data .csv
EMAILABLE FREE,EMAILABLE FREE,1732 iso data verf march 2024 _1732 mca iso data .csv
EMAILABLE ROLE,EMAILABLE ROLE,1732 iso data verf march 2024 _1732 mca iso data .csv
EMAILABLE TAG,EMAILABLE TAG,1732 iso data verf march 2024 _1732 mca iso data .csv
EMAILABLE USER,EMAILABLE USER,1732 iso data verf march 2024 _1732 mca iso data .csv
EMAILABLE DOMAIN,EMAILABLE DOMAIN,1732 iso data verf march 2024 _1732 mca iso data .csv
EMAILABLE DID YOU MEAN,EMAILABLE DID YOU MEAN,1732 iso data verf march 2024 _1732 mca iso data .csv
EMAILABLE MX RECORD,EMAILABLE MX RECORD,1732 iso data verf march 2024 _1732 mca iso data .csv
EMAILABLE SMTP PROVIDER,EMAILABLE SMTP PROVIDER,1732 iso data verf march 2024 _1732 mca iso data .csv
EMAILABLE FIRST NAME,EMAILABLE FIRST NAME,1732 iso data verf march 2024 _1732 mca iso data .csv
EMAILABLE LAST NAME,EMAILABLE LAST NAME,1732 iso data verf march 2024 _1732 mca iso data .csv
EMAILABLE FULL NAME,EMAILABLE FULL NAME,1732 iso data verf march 2024 _1732 mca iso data .csv
EMAILABLE GENDER,EMAILABLE GENDER,1732 iso data verf march 2024 _1732 mca iso data .csv
OWNER NAME,OWNER NAME,175 (11 and 12-5-2024)_Sheet1.csv
BUSINESS NAMES,BUSINESS NAMES,175 (11 and 12-5-2024)_Sheet1.csv
CITY,CITY,175 (11 and 12-5-2024)_Sheet1.csv
STATE,STATE,175 (11 and 12-5-2024)_Sheet1.csv
ZIP,ZIP,175 (11 and 12-5-2024)_Sheet1.csv
BUSINESS START DATE,BUSINESS START DATE,175 (11 and 12-5-2024)_Sheet1.csv
EIN,EIN,175 (11 and 12-5-2024)_Sheet1.csv
MOBILE,MOBILE,175 (11 and 12-5-2024)_Sheet1.csv
EMAIL,EMAIL,175 (11 and 12-5-2024)_Sheet1.csv
SSN,SSN,175 (11 and 12-5-2024)_Sheet1.csv
DOB,DOB,175 (11 and 12-5-2024)_Sheet1.csv
DEPOSIT MONTHLY,DEPOSIT MONTHLY,175 (11 and 12-5-2024)_Sheet1.csv
FIRST NAME,FIRST NAME,17k ucc 2024 -last quarter (2)_Sheet1.csv
LAST NAME,LAST NAME,17k ucc 2024 -last quarter (2)_Sheet1.csv
PHONE NUMBER,PHONE NUMBER,17k ucc 2024 -last quarter (2)_Sheet1.csv
COMPANY NAME,COMPANY NAME,17k ucc 2024 -last quarter (2)_Sheet1.csv
CONTACT TITLE CODE,CONTACT TITLE CODE,17k ucc 2024 -last quarter (2)_Sheet1.csv
MAILING ADDRESS,MAILING ADDRESS,17k ucc 2024 -last quarter (2)_Sheet1.csv
FILING YEAR,FILING YEAR,17k ucc 2024 -last quarter (2)_Sheet1.csv
SEC PARTYNAME,SEC PARTYNAME,17k ucc 2024 -last quarter (2)_Sheet1.csv
BUSINESS NAMES,BUSINESS NAMES,185 Leads - 22 and 23 November 2024(1)(1)(2)_Sheet1.csv
BUSINESS START DATE,BUSINESS START DATE,185 Leads - 22 and 23 November 2024(1)(1)(2)_Sheet1.csv
EIN,EIN,185 Leads - 22 and 23 November 2024(1)(1)(2)_Sheet1.csv
MOBILE,MOBILE,185 Leads - 22 and 23 November 2024(1)(1)(2)_Sheet1.csv
EMAIL,EMAIL,185 Leads - 22 and 23 November 2024(1)(1)(2)_Sheet1.csv
OWNER NAME,OWNER NAME,185 Leads - 22 and 23 November 2024(1)(1)(2)_Sheet1.csv
BIRTH DATE,BIRTH DATE,185 Leads - 22 and 23 November 2024(1)(1)(2)_Sheet1.csv
STATE,STATE,185 Leads - 22 and 23 November 2024(1)(1)(2)_Sheet1.csv
MONTHLY REVENUE,MONTHLY REVENUE,185 Leads - 22 and 23 November 2024(1)(1)(2)_Sheet1.csv
BUSINESS NAME,BUSINESS NAME,18k  mca credit pulls 2024 .csv
OWNER  NAME,OWNER  NAME,18k  mca credit pulls 2024 .csv
BUSINESS NUMBER 1,BUSINESS NUMBER 1,18k  mca credit pulls 2024 .csv
EMAIL,EMAIL,18k  mca credit pulls 2024 .csv
CREDIT SCORE,CREDIT SCORE,18k  mca credit pulls 2024 .csv
ESTIMATED ANNUAL REVENUE,ESTIMATED ANNUAL REVENUE,18k  mca credit pulls 2024 .csv
EMAIL,EMAIL,1K ISO DATA CLEANED AND VERFIED (1)_1k ISO DATA CLEANED AND VERFIED.csv
DBA,DBA,1K ISO DATA CLEANED AND VERFIED (1)_1k ISO DATA CLEANED AND VERFIED.csv
MAIN CONTACT,MAIN CONTACT,1K ISO DATA CLEANED AND VERFIED (1)_1k ISO DATA CLEANED AND VERFIED.csv
PHONE,PHONE,1K ISO DATA CLEANED AND VERFIED (1)_1k ISO DATA CLEANED AND VERFIED.csv
EMAILABLE STATE,EMAILABLE STATE,1K ISO DATA CLEANED AND VERFIED (1)_1k ISO DATA CLEANED AND VERFIED.csv
EMAILABLE REASON,EMAILABLE REASON,1K ISO DATA CLEANED AND VERFIED (1)_1k ISO DATA CLEANED AND VERFIED.csv
EMAILABLE SCORE,EMAILABLE SCORE,1K ISO DATA CLEANED AND VERFIED (1)_1k ISO DATA CLEANED AND VERFIED.csv
EMAILABLE ACCEPT ALL,EMAILABLE ACCEPT ALL,1K ISO DATA CLEANED AND VERFIED (1)_1k ISO DATA CLEANED AND VERFIED.csv
EMAILABLE DISPOSABLE,EMAILABLE DISPOSABLE,1K ISO DATA CLEANED AND VERFIED (1)_1k ISO DATA CLEANED AND VERFIED.csv
EMAILABLE FREE,EMAILABLE FREE,1K ISO DATA CLEANED AND VERFIED (1)_1k ISO DATA CLEANED AND VERFIED.csv
EMAILABLE ROLE,EMAILABLE ROLE,1K ISO DATA CLEANED AND VERFIED (1)_1k ISO DATA CLEANED AND VERFIED.csv
EMAILABLE TAG,EMAILABLE TAG,1K ISO DATA CLEANED AND VERFIED (1)_1k ISO DATA CLEANED AND VERFIED.csv
EMAILABLE USER,EMAILABLE USER,1K ISO DATA CLEANED AND VERFIED (1)_1k ISO DATA CLEANED AND VERFIED.csv
EMAILABLE DOMAIN,EMAILABLE DOMAIN,1K ISO DATA CLEANED AND VERFIED (1)_1k ISO DATA CLEANED AND VERFIED.csv
EMAILABLE DID YOU MEAN,EMAILABLE DID YOU MEAN,1K ISO DATA CLEANED AND VERFIED (1)_1k ISO DATA CLEANED AND VERFIED.csv
EMAILABLE MX RECORD,EMAILABLE MX RECORD,1K ISO DATA CLEANED AND VERFIED (1)_1k ISO DATA CLEANED AND VERFIED.csv
EMAILABLE SMTP PROVIDER,EMAILABLE SMTP PROVIDER,1K ISO DATA CLEANED AND VERFIED (1)_1k ISO DATA CLEANED AND VERFIED.csv
EMAILABLE FIRST NAME,EMAILABLE FIRST NAME,1K ISO DATA CLEANED AND VERFIED (1)_1k ISO DATA CLEANED AND VERFIED.csv
EMAILABLE LAST NAME,EMAILABLE LAST NAME,1K ISO DATA CLEANED AND VERFIED (1)_1k ISO DATA CLEANED AND VERFIED.csv
EMAILABLE FULL NAME,EMAILABLE FULL NAME,1K ISO DATA CLEANED AND VERFIED (1)_1k ISO DATA CLEANED AND VERFIED.csv
EMAILABLE GENDER,EMAILABLE GENDER,1K ISO DATA CLEANED AND VERFIED (1)_1k ISO DATA CLEANED AND VERFIED.csv
EMAIL,EMAIL,1K ISO DATA CLEANED AND VERFIED _1k ISO DATA CLEANED AND VERFIED.csv
DBA,DBA,1K ISO DATA CLEANED AND VERFIED _1k ISO DATA CLEANED AND VERFIED.csv
MAIN CONTACT,MAIN CONTACT,1K ISO DATA CLEANED AND VERFIED _1k ISO DATA CLEANED AND VERFIED.csv
PHONE,PHONE,1K ISO DATA CLEANED AND VERFIED _1k ISO DATA CLEANED AND VERFIED.csv
EMAILABLE STATE,EMAILABLE STATE,1K ISO DATA CLEANED AND VERFIED _1k ISO DATA CLEANED AND VERFIED.csv
EMAILABLE REASON,EMAILABLE REASON,1K ISO DATA CLEANED AND VERFIED _1k ISO DATA CLEANED AND VERFIED.csv
EMAILABLE SCORE,EMAILABLE SCORE,1K ISO DATA CLEANED AND VERFIED _1k ISO DATA CLEANED AND VERFIED.csv
EMAILABLE ACCEPT ALL,EMAILABLE ACCEPT ALL,1K ISO DATA CLEANED AND VERFIED _1k ISO DATA CLEANED AND VERFIED.csv
EMAILABLE DISPOSABLE,EMAILABLE DISPOSABLE,1K ISO DATA CLEANED AND VERFIED _1k ISO DATA CLEANED AND VERFIED.csv
EMAILABLE FREE,EMAILABLE FREE,1K ISO DATA CLEANED AND VERFIED _1k ISO DATA CLEANED AND VERFIED.csv
EMAILABLE ROLE,EMAILABLE ROLE,1K ISO DATA CLEANED AND VERFIED _1k ISO DATA CLEANED AND VERFIED.csv
EMAILABLE TAG,EMAILABLE TAG,1K ISO DATA CLEANED AND VERFIED _1k ISO DATA CLEANED AND VERFIED.csv
EMAILABLE USER,EMAILABLE USER,1K ISO DATA CLEANED AND VERFIED _1k ISO DATA CLEANED AND VERFIED.csv
EMAILABLE DOMAIN,EMAILABLE DOMAIN,1K ISO DATA CLEANED AND VERFIED _1k ISO DATA CLEANED AND VERFIED.csv
EMAILABLE DID YOU MEAN,EMAILABLE DID YOU MEAN,1K ISO DATA CLEANED AND VERFIED _1k ISO DATA CLEANED AND VERFIED.csv
EMAILABLE MX RECORD,EMAILABLE MX RECORD,1K ISO DATA CLEANED AND VERFIED _1k ISO DATA CLEANED AND VERFIED.csv
EMAILABLE SMTP PROVIDER,EMAILABLE SMTP PROVIDER,1K ISO DATA CLEANED AND VERFIED _1k ISO DATA CLEANED AND VERFIED.csv
EMAILABLE FIRST NAME,EMAILABLE FIRST NAME,1K ISO DATA CLEANED AND VERFIED _1k ISO DATA CLEANED AND VERFIED.csv
EMAILABLE LAST NAME,EMAILABLE LAST NAME,1K ISO DATA CLEANED AND VERFIED _1k ISO DATA CLEANED AND VERFIED.csv
EMAILABLE FULL NAME,EMAILABLE FULL NAME,1K ISO DATA CLEANED AND VERFIED _1k ISO DATA CLEANED AND VERFIED.csv
EMAILABLE GENDER,EMAILABLE GENDER,1K ISO DATA CLEANED AND VERFIED _1k ISO DATA CLEANED AND VERFIED.csv
BUSINESS NAME,BUSINESS NAME,2.12 Pro Cash 108(2)(1).csv
DBA,DBA,2.12 Pro Cash 108(2)(1).csv
E,E,2.12 Pro Cash 108(2)(1).csv
ADDRESS,ADDRESS,2.12 Pro Cash 108(2)(1).csv
OWNER 1,OWNER 1,2.12 Pro Cash 108(2)(1).csv
DOB,DOB,2.12 Pro Cash 108(2)(1).csv
MERCHANT EMAIL,MERCHANT EMAIL,2.12 Pro Cash 108(2)(1).csv
BUSINESS PHONE,BUSINESS PHONE,2.12 Pro Cash 108(2)(1).csv
ALT PHONE 1,ALT PHONE 1,2.12 Pro Cash 108(2)(1).csv
ALT PHONE 2,ALT PHONE 2,2.12 Pro Cash 108(2)(1).csv
EST. REVENUE,EST. REVENUE,2.12 Pro Cash 108(2)(1).csv
POSITIONS,POSITIONS,2.12 Pro Cash 108(2)(1).csv
LEAD STATUS,LEAD STATUS,20,000 MCA  Leads_Sheet2.csv
MONTHLY GROSS SALES,MONTHLY GROSS SALES,20,000 MCA  Leads_Sheet2.csv
BANKRUPTCY,BANKRUPTCY,20,000 MCA  Leads_Sheet2.csv
PHONE NUMBER,PHONE NUMBER,20,000 MCA  Leads_Sheet2.csv
BUSINESS NAME,BUSINESS NAME,20,000 MCA  Leads_Sheet2.csv
BUSINESS CONTACT,BUSINESS CONTACT,20,000 MCA  Leads_Sheet2.csv
BUSINESS EMAIL,BUSINESS EMAIL,20,000 MCA  Leads_Sheet2.csv
BUSINESS NAMES,BUSINESS NAMES,200 - 24 and 25 December 2024(1)_Sheet1.csv
BUSINESS START DATE,BUSINESS START DATE,200 - 24 and 25 December 2024(1)_Sheet1.csv
EIN,EIN,200 - 24 and 25 December 2024(1)_Sheet1.csv
MOBILE,MOBILE,200 - 24 and 25 December 2024(1)_Sheet1.csv
EMAIL,EMAIL,200 - 24 and 25 December 2024(1)_Sheet1.csv
OWNER NAME,OWNER NAME,200 - 24 and 25 December 2024(1)_Sheet1.csv
BIRTH DATE,BIRTH DATE,200 - 24 and 25 December 2024(1)_Sheet1.csv
STATE,STATE,200 - 24 and 25 December 2024(1)_Sheet1.csv
MONTHLY REVENUE,MONTHLY REVENUE,200 - 24 and 25 December 2024(1)_Sheet1.csv
BUSINESS NAME,BUSINESS NAME,200 leads - 7 and 8 April 2025(3)_Sheet1.csv
BUSINESS TYPE,BUSINESS TYPE,200 leads - 7 and 8 April 2025(3)_Sheet1.csv
BUSINESS START DATE,BUSINESS START DATE,200 leads - 7 and 8 April 2025(3)_Sheet1.csv
EIN,EIN,200 leads - 7 and 8 April 2025(3)_Sheet1.csv
MOBILE,MOBILE,200 leads - 7 and 8 April 2025(3)_Sheet1.csv
PHONE 1,PHONE 1,200 leads - 7 and 8 April 2025(3)_Sheet1.csv
EMAIL 1,EMAIL 1,200 leads - 7 and 8 April 2025(3)_Sheet1.csv
BIRTH DATE,BIRTH DATE,200 leads - 7 and 8 April 2025(3)_Sheet1.csv
ADDRESS STREET,ADDRESS STREET,200 leads - 7 and 8 April 2025(3)_Sheet1.csv
CITY,CITY,200 leads - 7 and 8 April 2025(3)_Sheet1.csv
STATE,STATE,200 leads - 7 and 8 April 2025(3)_Sheet1.csv
ZIP,ZIP,200 leads - 7 and 8 April 2025(3)_Sheet1.csv
MONTHLY REVENUE,MONTHLY REVENUE,200 leads - 7 and 8 April 2025(3)_Sheet1.csv
BUSINESS NAME,BUSINESS NAME,200 leads - 7 and 8 April 2025_Sheet1.csv
BUSINESS TYPE,BUSINESS TYPE,200 leads - 7 and 8 April 2025_Sheet1.csv
BUSINESS START DATE,BUSINESS START DATE,200 leads - 7 and 8 April 2025_Sheet1.csv
EIN,EIN,200 leads - 7 and 8 April 2025_Sheet1.csv
MOBILE,MOBILE,200 leads - 7 and 8 April 2025_Sheet1.csv
PHONE 1,PHONE 1,200 leads - 7 and 8 April 2025_Sheet1.csv
EMAIL 1,EMAIL 1,200 leads - 7 and 8 April 2025_Sheet1.csv
BIRTH DATE,BIRTH DATE,200 leads - 7 and 8 April 2025_Sheet1.csv
ADDRESS STREET,ADDRESS STREET,200 leads - 7 and 8 April 2025_Sheet1.csv
CITY,CITY,200 leads - 7 and 8 April 2025_Sheet1.csv
STATE,STATE,200 leads - 7 and 8 April 2025_Sheet1.csv
ZIP,ZIP,200 leads - 7 and 8 April 2025_Sheet1.csv
MONTHLY REVENUE,MONTHLY REVENUE,200 leads - 7 and 8 April 2025_Sheet1.csv
COMPANY,COMPANY,2000 app info 30 days (1)(3)_Sheet1.csv
INDUSTRY,INDUSTRY,2000 app info 30 days (1)(3)_Sheet1.csv
TIB,TIB,2000 app info 30 days (1)(3)_Sheet1.csv
OWNER NAME,OWNER NAME,2000 app info 30 days (1)(3)_Sheet1.csv
CELL,CELL,2000 app info 30 days (1)(3)_Sheet1.csv
PHONE,PHONE,2000 app info 30 days (1)(3)_Sheet1.csv
ALT PHONE,ALT PHONE,2000 app info 30 days (1)(3)_Sheet1.csv
EMAIL,EMAIL,2000 app info 30 days (1)(3)_Sheet1.csv
ADDRESS,ADDRESS,2000 app info 30 days (1)(3)_Sheet1.csv
CITY,CITY,2000 app info 30 days (1)(3)_Sheet1.csv
STATE,STATE,2000 app info 30 days (1)(3)_Sheet1.csv
ZIP,ZIP,2000 app info 30 days (1)(3)_Sheet1.csv
REVENUE,REVENUE,2000 app info 30 days (1)(3)_Sheet1.csv
CREDITSCORE,CREDITSCORE,2000 app info 30 days (1)(3)_Sheet1.csv
FIRST NAME,FIRST NAME,2000 Apps in Excel B(1)_Sheet1.csv
LAST NAME,LAST NAME,2000 Apps in Excel B(1)_Sheet1.csv
EMAIL,EMAIL,2000 Apps in Excel B(1)_Sheet1.csv
PHONE 1,PHONE 1,2000 Apps in Excel B(1)_Sheet1.csv
PHONE 2/LINE TYPE,PHONE 2/LINE TYPE,2000 Apps in Excel B(1)_Sheet1.csv
BUSINESS NAME,BUSINESS NAME,2000 Apps in Excel B(1)_Sheet1.csv
DBA,DBA,2000 Apps in Excel B(1)_Sheet1.csv
START DATE,START DATE,2000 Apps in Excel B(1)_Sheet1.csv
ANNUAL GROSS,ANNUAL GROSS,2000 Apps in Excel B(1)_Sheet1.csv
INDUSTRY,INDUSTRY,2000 Apps in Excel B(1)_Sheet1.csv
BIZ ADDRESS,BIZ ADDRESS,2000 Apps in Excel B(1)_Sheet1.csv
BIZ CITY,BIZ CITY,2000 Apps in Excel B(1)_Sheet1.csv
BIZ STATE,BIZ STATE,2000 Apps in Excel B(1)_Sheet1.csv
BIZ ZIP,BIZ ZIP,2000 Apps in Excel B(1)_Sheet1.csv
FIRST NAME,FIRST NAME,2000 ISO LI#2_Sheet1.csv
LAST NAME,LAST NAME,2000 ISO LI#2_Sheet1.csv
COMPANY NAME,COMPANY NAME,2000 ISO LI#2_Sheet1.csv
EMAIL ADDRESS,EMAIL ADDRESS,2000 ISO LI#2_Sheet1.csv
EMAIL STATUS,EMAIL STATUS,2000 ISO LI#2_Sheet1.csv
BUSINESS TITLE,BUSINESS TITLE,2000 ISO LI#2_Sheet1.csv
LOCATION,LOCATION,2000 ISO LI#2_Sheet1.csv
FIRST NAME,FIRST NAME,2000 MCA MULTIPLE POSITIONS 30-90 DAYS (2)(1)_Sheet1.csv
LAST NAME,LAST NAME,2000 MCA MULTIPLE POSITIONS 30-90 DAYS (2)(1)_Sheet1.csv
BUSINESS NAME,BUSINESS NAME,2000 MCA MULTIPLE POSITIONS 30-90 DAYS (2)(1)_Sheet1.csv
YEARS IN BUSINESS,YEARS IN BUSINESS,2000 MCA MULTIPLE POSITIONS 30-90 DAYS (2)(1)_Sheet1.csv
MONTHLY DEPOSIT(SHOULD BE OVER 20K),MONTHLY DEPOSIT(SHOULD BE OVER 20K),2000 MCA MULTIPLE POSITIONS 30-90 DAYS (2)(1)_Sheet1.csv
LOOKING AMOUNT,LOOKING AMOUNT,2000 MCA MULTIPLE POSITIONS 30-90 DAYS (2)(1)_Sheet1.csv
HOW SOON THEY NEED FUNDING,HOW SOON THEY NEED FUNDING,2000 MCA MULTIPLE POSITIONS 30-90 DAYS (2)(1)_Sheet1.csv
BANKRUPTCIES,BANKRUPTCIES,2000 MCA MULTIPLE POSITIONS 30-90 DAYS (2)(1)_Sheet1.csv
HOW MANY POSITIONS DO YOU HAVE?,HOW MANY POSITIONS DO YOU HAVE?,2000 MCA MULTIPLE POSITIONS 30-90 DAYS (2)(1)_Sheet1.csv
OUTSTANDING LOANS,OUTSTANDING LOANS,2000 MCA MULTIPLE POSITIONS 30-90 DAYS (2)(1)_Sheet1.csv
CREDIT SCORE,CREDIT SCORE,2000 MCA MULTIPLE POSITIONS 30-90 DAYS (2)(1)_Sheet1.csv
EMAIL ADDRESS,EMAIL ADDRESS,2000 MCA MULTIPLE POSITIONS 30-90 DAYS (2)(1)_Sheet1.csv
PHONE NUMBER,PHONE NUMBER,2000 MCA MULTIPLE POSITIONS 30-90 DAYS (2)(1)_Sheet1.csv
FIRST NAME,FIRST NAME,2000 MCA MULTIPLE POSITIONS 30-90 DAYS (2)_Sheet1.csv
LAST NAME,LAST NAME,2000 MCA MULTIPLE POSITIONS 30-90 DAYS (2)_Sheet1.csv
BUSINESS NAME,BUSINESS NAME,2000 MCA MULTIPLE POSITIONS 30-90 DAYS (2)_Sheet1.csv
YEARS IN BUSINESS,YEARS IN BUSINESS,2000 MCA MULTIPLE POSITIONS 30-90 DAYS (2)_Sheet1.csv
MONTHLY DEPOSIT(SHOULD BE OVER 20K),MONTHLY DEPOSIT(SHOULD BE OVER 20K),2000 MCA MULTIPLE POSITIONS 30-90 DAYS (2)_Sheet1.csv
LOOKING AMOUNT,LOOKING AMOUNT,2000 MCA MULTIPLE POSITIONS 30-90 DAYS (2)_Sheet1.csv
HOW SOON THEY NEED FUNDING,HOW SOON THEY NEED FUNDING,2000 MCA MULTIPLE POSITIONS 30-90 DAYS (2)_Sheet1.csv
BANKRUPTCIES,BANKRUPTCIES,2000 MCA MULTIPLE POSITIONS 30-90 DAYS (2)_Sheet1.csv
HOW MANY POSITIONS DO YOU HAVE?,HOW MANY POSITIONS DO YOU HAVE?,2000 MCA MULTIPLE POSITIONS 30-90 DAYS (2)_Sheet1.csv
OUTSTANDING LOANS,OUTSTANDING LOANS,2000 MCA MULTIPLE POSITIONS 30-90 DAYS (2)_Sheet1.csv
CREDIT SCORE,CREDIT SCORE,2000 MCA MULTIPLE POSITIONS 30-90 DAYS (2)_Sheet1.csv
EMAIL ADDRESS,EMAIL ADDRESS,2000 MCA MULTIPLE POSITIONS 30-90 DAYS (2)_Sheet1.csv
PHONE NUMBER,PHONE NUMBER,2000 MCA MULTIPLE POSITIONS 30-90 DAYS (2)_Sheet1.csv
FIRST NAME,FIRST NAME,20K MCA TRIGGERS 2024 WITH MOBILE _Sheet1.csv
LAST NAME,LAST NAME,20K MCA TRIGGERS 2024 WITH MOBILE _Sheet1.csv
PHONE NUMBER,PHONE NUMBER,20K MCA TRIGGERS 2024 WITH MOBILE _Sheet1.csv
EMAIL,EMAIL,20K MCA TRIGGERS 2024 WITH MOBILE _Sheet1.csv
COMPANY,COMPANY,20K MCA TRIGGERS 2024 WITH MOBILE _Sheet1.csv
REVENUE,REVENUE,20K MCA TRIGGERS 2024 WITH MOBILE _Sheet1.csv
LINE TYPE,LINE TYPE,20K MCA TRIGGERS 2024 WITH MOBILE _Sheet1.csv
STATE,STATE,20K MCA TRIGGERS 2024 WITH MOBILE _Sheet1.csv
ADDRESS,ADDRESS,20K MCA TRIGGERS 2024 WITH MOBILE _Sheet1.csv
CITY,CITY,20K MCA TRIGGERS 2024 WITH MOBILE _Sheet1.csv
ZIP,ZIP,20K MCA TRIGGERS 2024 WITH MOBILE _Sheet1.csv
NETWORK,NETWORK,20K MCA TRIGGERS 2024 WITH MOBILE _Sheet1.csv
PHONE NUMBER,PHONE NUMBER,20k UCCS(4)_Sheet1.csv
NUMBERTYPE,NUMBERTYPE,20k UCCS(4)_Sheet1.csv
FIRST NAME,FIRST NAME,20k UCCS(4)_Sheet1.csv
LAST NAME,LAST NAME,20k UCCS(4)_Sheet1.csv
COMPANY,COMPANY,20k UCCS(4)_Sheet1.csv
ADDRESS,ADDRESS,20k UCCS(4)_Sheet1.csv
CITY,CITY,20k UCCS(4)_Sheet1.csv
STATE,STATE,20k UCCS(4)_Sheet1.csv
ZIP,ZIP,20k UCCS(4)_Sheet1.csv
COUNTY,COUNTY,20k UCCS(4)_Sheet1.csv
CONTACT1_FIRST,CONTACT1_FIRST,20k UCCS(4)_Sheet1.csv
NUMBER_OF_EMPLOYEES,NUMBER_OF_EMPLOYEES,20k UCCS(4)_Sheet1.csv
EMP_CODE,EMP_CODE,20k UCCS(4)_Sheet1.csv
SALES VOLUME,SALES VOLUME,20k UCCS(4)_Sheet1.csv
SALES_CODE,SALES_CODE,20k UCCS(4)_Sheet1.csv
SIC CODE,SIC CODE,20k UCCS(4)_Sheet1.csv
FILING MONTH,FILING MONTH,20k UCCS(4)_Sheet1.csv
FILING YEAR,FILING YEAR,20k UCCS(4)_Sheet1.csv
SEC PARTYNAME,SEC PARTYNAME,20k UCCS(4)_Sheet1.csv
COMPANY NAME,COMPANY NAME,2135 stacked mca 23JUNE2025_June 23rd stacked mca 2135 .csv
BUSINESS ADDRESS,BUSINESS ADDRESS,2135 stacked mca 23JUNE2025_June 23rd stacked mca 2135 .csv
BUSINESS OWNER,BUSINESS OWNER,2135 stacked mca 23JUNE2025_June 23rd stacked mca 2135 .csv
BUSINESS OWNER DATE OF BIRTH,BUSINESS OWNER DATE OF BIRTH,2135 stacked mca 23JUNE2025_June 23rd stacked mca 2135 .csv
MAIN PHONE,MAIN PHONE,2135 stacked mca 23JUNE2025_June 23rd stacked mca 2135 .csv
SECONDARY PHONE,SECONDARY PHONE,2135 stacked mca 23JUNE2025_June 23rd stacked mca 2135 .csv
MONTHLY REVENUE,MONTHLY REVENUE,2135 stacked mca 23JUNE2025_June 23rd stacked mca 2135 .csv
FIRST POSITION,FIRST POSITION,2135 stacked mca 23JUNE2025_June 23rd stacked mca 2135 .csv
SECOND POSITION,SECOND POSITION,2135 stacked mca 23JUNE2025_June 23rd stacked mca 2135 .csv
THIRD POSITION,THIRD POSITION,2135 stacked mca 23JUNE2025_June 23rd stacked mca 2135 .csv
FOURTH POSITION,FOURTH POSITION,2135 stacked mca 23JUNE2025_June 23rd stacked mca 2135 .csv
FIFTH POSITION,FIFTH POSITION,2135 stacked mca 23JUNE2025_June 23rd stacked mca 2135 .csv
SIXTH POSITION,SIXTH POSITION,2135 stacked mca 23JUNE2025_June 23rd stacked mca 2135 .csv
SEVENTH POSITION,SEVENTH POSITION,2135 stacked mca 23JUNE2025_June 23rd stacked mca 2135 .csv
PHONE1,PHONE1,213K MCA DIGIAPPS 2023-2024.csv
FIRSTNAME,FIRSTNAME,213K MCA DIGIAPPS 2023-2024.csv
LASTNAME,LASTNAME,213K MCA DIGIAPPS 2023-2024.csv
ADDRESS1,ADDRESS1,213K MCA DIGIAPPS 2023-2024.csv
CITY,CITY,213K MCA DIGIAPPS 2023-2024.csv
STATE,STATE,213K MCA DIGIAPPS 2023-2024.csv
ZIP,ZIP,213K MCA DIGIAPPS 2023-2024.csv
EMAIL,EMAIL,213K MCA DIGIAPPS 2023-2024.csv
COMPANY,COMPANY,213K MCA DIGIAPPS 2023-2024.csv
AMOUNT,AMOUNT,213K MCA DIGIAPPS 2023-2024.csv
REVENUE,REVENUE,213K MCA DIGIAPPS 2023-2024.csv
FIRST NAME,FIRST NAME,22K A list submissions(1)_Sheet1.csv
LAST NAME,LAST NAME,22K A list submissions(1)_Sheet1.csv
COMPANY,COMPANY,22K A list submissions(1)_Sheet1.csv
EMAIL,EMAIL,22K A list submissions(1)_Sheet1.csv
PHONE NUMBER,PHONE NUMBER,22K A list submissions(1)_Sheet1.csv
NUMBERTYPE,NUMBERTYPE,22K A list submissions(1)_Sheet1.csv
NETWORKTYPE,NETWORKTYPE,22K A list submissions(1)_Sheet1.csv
PHONE2,PHONE2,22K A list submissions(1)_Sheet1.csv
PHONE3,PHONE3,22K A list submissions(1)_Sheet1.csv
STATE,STATE,22K A list submissions(1)_Sheet1.csv
TAX ID,TAX ID,22K A list submissions(1)_Sheet1.csv
BIRTH DATE,BIRTH DATE,22K A list submissions(1)_Sheet1.csv
DATE BUSINESS STARTED,DATE BUSINESS STARTED,22K A list submissions(1)_Sheet1.csv
MONTHLY REVENUE,MONTHLY REVENUE,22K A list submissions(1)_Sheet1.csv
PHONE1,PHONE1,22k MCA digi apps (1)_22k MCA digi apps .csv
FIRSTNAME,FIRSTNAME,22k MCA digi apps (1)_22k MCA digi apps .csv
LASTNAME,LASTNAME,22k MCA digi apps (1)_22k MCA digi apps .csv
ADDRESS1,ADDRESS1,22k MCA digi apps (1)_22k MCA digi apps .csv
CITY,CITY,22k MCA digi apps (1)_22k MCA digi apps .csv
STATE,STATE,22k MCA digi apps (1)_22k MCA digi apps .csv
ZIP,ZIP,22k MCA digi apps (1)_22k MCA digi apps .csv
EMAIL,EMAIL,22k MCA digi apps (1)_22k MCA digi apps .csv
COMPANY,COMPANY,22k MCA digi apps (1)_22k MCA digi apps .csv
AMOUNT,AMOUNT,22k MCA digi apps (1)_22k MCA digi apps .csv
REVENUE,REVENUE,22k MCA digi apps (1)_22k MCA digi apps .csv
PHONETYPE,PHONETYPE,22k MCA digi apps (1)_22k MCA digi apps .csv
PHONE1,PHONE1,22k MCA digi apps u10d w revenue for info@proleadsnyc.com 4-4-2023_22k MCA digi apps u10d w revenu.csv
FIRSTNAME,FIRSTNAME,22k MCA digi apps u10d w revenue for info@proleadsnyc.com 4-4-2023_22k MCA digi apps u10d w revenu.csv
LASTNAME,LASTNAME,22k MCA digi apps u10d w revenue for info@proleadsnyc.com 4-4-2023_22k MCA digi apps u10d w revenu.csv
ADDRESS1,ADDRESS1,22k MCA digi apps u10d w revenue for info@proleadsnyc.com 4-4-2023_22k MCA digi apps u10d w revenu.csv
CITY,CITY,22k MCA digi apps u10d w revenue for info@proleadsnyc.com 4-4-2023_22k MCA digi apps u10d w revenu.csv
STATE,STATE,22k MCA digi apps u10d w revenue for info@proleadsnyc.com 4-4-2023_22k MCA digi apps u10d w revenu.csv
ZIP,ZIP,22k MCA digi apps u10d w revenue for info@proleadsnyc.com 4-4-2023_22k MCA digi apps u10d w revenu.csv
EMAIL,EMAIL,22k MCA digi apps u10d w revenue for info@proleadsnyc.com 4-4-2023_22k MCA digi apps u10d w revenu.csv
COMPANY,COMPANY,22k MCA digi apps u10d w revenue for info@proleadsnyc.com 4-4-2023_22k MCA digi apps u10d w revenu.csv
AMOUNT,AMOUNT,22k MCA digi apps u10d w revenue for info@proleadsnyc.com 4-4-2023_22k MCA digi apps u10d w revenu.csv
REVENUE,REVENUE,22k MCA digi apps u10d w revenue for info@proleadsnyc.com 4-4-2023_22k MCA digi apps u10d w revenu.csv
﻿PHONE1,﻿PHONE1,22k MCA digi apps u10d w revenue for info@proleadsnyc.com 5-11-2023.csv
FIRSTNAME,FIRSTNAME,22k MCA digi apps u10d w revenue for info@proleadsnyc.com 5-11-2023.csv
LASTNAME,LASTNAME,22k MCA digi apps u10d w revenue for info@proleadsnyc.com 5-11-2023.csv
ADDRESS1,ADDRESS1,22k MCA digi apps u10d w revenue for info@proleadsnyc.com 5-11-2023.csv
CITY,CITY,22k MCA digi apps u10d w revenue for info@proleadsnyc.com 5-11-2023.csv
STATE,STATE,22k MCA digi apps u10d w revenue for info@proleadsnyc.com 5-11-2023.csv
ZIP,ZIP,22k MCA digi apps u10d w revenue for info@proleadsnyc.com 5-11-2023.csv
EMAIL,EMAIL,22k MCA digi apps u10d w revenue for info@proleadsnyc.com 5-11-2023.csv
COMPANY,COMPANY,22k MCA digi apps u10d w revenue for info@proleadsnyc.com 5-11-2023.csv
AMOUNT,AMOUNT,22k MCA digi apps u10d w revenue for info@proleadsnyc.com 5-11-2023.csv
REVENUE,REVENUE,22k MCA digi apps u10d w revenue for info@proleadsnyc.com 5-11-2023.csv
BUSINESS NAMES,BUSINESS NAMES,232 - 29 and 30 December 2024(1)_Sheet1.csv
BUSINESS START DATE,BUSINESS START DATE,232 - 29 and 30 December 2024(1)_Sheet1.csv
EIN,EIN,232 - 29 and 30 December 2024(1)_Sheet1.csv
MOBILE,MOBILE,232 - 29 and 30 December 2024(1)_Sheet1.csv
EMAIL,EMAIL,232 - 29 and 30 December 2024(1)_Sheet1.csv
OWNER NAME,OWNER NAME,232 - 29 and 30 December 2024(1)_Sheet1.csv
BIRTH DATE,BIRTH DATE,232 - 29 and 30 December 2024(1)_Sheet1.csv
STATE,STATE,232 - 29 and 30 December 2024(1)_Sheet1.csv
MONTHLY REVENUE,MONTHLY REVENUE,232 - 29 and 30 December 2024(1)_Sheet1.csv
FIRST NAME,FIRST NAME,2370 Debt Settlement Leads (1)(1)(2)_Sheet1.csv
LAST NAME,LAST NAME,2370 Debt Settlement Leads (1)(1)(2)_Sheet1.csv
BUSINESS NAME,BUSINESS NAME,2370 Debt Settlement Leads (1)(1)(2)_Sheet1.csv
PHONE NUMBER,PHONE NUMBER,2370 Debt Settlement Leads (1)(1)(2)_Sheet1.csv
YEARS IN BUSINESS,YEARS IN BUSINESS,2370 Debt Settlement Leads (1)(1)(2)_Sheet1.csv
MONTHLY DEPOSIT(SHOULD BE OVER 20K),MONTHLY DEPOSIT(SHOULD BE OVER 20K),2370 Debt Settlement Leads (1)(1)(2)_Sheet1.csv
LOOKING AMOUNT,LOOKING AMOUNT,2370 Debt Settlement Leads (1)(1)(2)_Sheet1.csv
HOW SOON THEY NEED FUNDING,HOW SOON THEY NEED FUNDING,2370 Debt Settlement Leads (1)(1)(2)_Sheet1.csv
PURPOSE,PURPOSE,2370 Debt Settlement Leads (1)(1)(2)_Sheet1.csv
BANKRUPTCIES,BANKRUPTCIES,2370 Debt Settlement Leads (1)(1)(2)_Sheet1.csv
HOW MANY POSITIONS DO YOU HAVE?,HOW MANY POSITIONS DO YOU HAVE?,2370 Debt Settlement Leads (1)(1)(2)_Sheet1.csv
OUTSTANDING LOANS,OUTSTANDING LOANS,2370 Debt Settlement Leads (1)(1)(2)_Sheet1.csv
CREDIT SCORE,CREDIT SCORE,2370 Debt Settlement Leads (1)(1)(2)_Sheet1.csv
EMAIL ADDRESS,EMAIL ADDRESS,2370 Debt Settlement Leads (1)(1)(2)_Sheet1.csv
BUSINES NAME,BUSINES NAME,25,000 AGED FUNDED TRIGGERS 6-12 MONTHS WITH CELLPHONE (3)_Sheet1.csv
OWNER  NAME,OWNER  NAME,25,000 AGED FUNDED TRIGGERS 6-12 MONTHS WITH CELLPHONE (3)_Sheet1.csv
CELLPHONE NUMBER,CELLPHONE NUMBER,25,000 AGED FUNDED TRIGGERS 6-12 MONTHS WITH CELLPHONE (3)_Sheet1.csv
SALES VOLUME,SALES VOLUME,25,000 AGED FUNDED TRIGGERS 6-12 MONTHS WITH CELLPHONE (3)_Sheet1.csv
STATE,STATE,25,000 AGED FUNDED TRIGGERS 6-12 MONTHS WITH CELLPHONE (3)_Sheet1.csv
COMPANY,COMPANY,250 MCA APP INFO FEB WHALES (1)_Sheet1.csv
OWNER,OWNER,250 MCA APP INFO FEB WHALES (1)_Sheet1.csv
CELLPHONE,CELLPHONE,250 MCA APP INFO FEB WHALES (1)_Sheet1.csv
BUSINESSPHONE,BUSINESSPHONE,250 MCA APP INFO FEB WHALES (1)_Sheet1.csv
ALTPHONE,ALTPHONE,250 MCA APP INFO FEB WHALES (1)_Sheet1.csv
EMAIL,EMAIL,250 MCA APP INFO FEB WHALES (1)_Sheet1.csv
INDUSTRY,INDUSTRY,250 MCA APP INFO FEB WHALES (1)_Sheet1.csv
DATEBUSINESSSTARTED,DATEBUSINESSSTARTED,250 MCA APP INFO FEB WHALES (1)_Sheet1.csv
ADDRESS,ADDRESS,250 MCA APP INFO FEB WHALES (1)_Sheet1.csv
CITY,CITY,250 MCA APP INFO FEB WHALES (1)_Sheet1.csv
STATE,STATE,250 MCA APP INFO FEB WHALES (1)_Sheet1.csv
ZIP,ZIP,250 MCA APP INFO FEB WHALES (1)_Sheet1.csv
MONTHLYREVENUE,MONTHLYREVENUE,250 MCA APP INFO FEB WHALES (1)_Sheet1.csv
FIRST NAME,FIRST NAME,25k A List Submissions_Sheet1.csv
LAST NAME,LAST NAME,25k A List Submissions_Sheet1.csv
COMPANY,COMPANY,25k A List Submissions_Sheet1.csv
EMAIL,EMAIL,25k A List Submissions_Sheet1.csv
PHONE NUMBER,PHONE NUMBER,25k A List Submissions_Sheet1.csv
PHONE 2,PHONE 2,25k A List Submissions_Sheet1.csv
PHONE 3,PHONE 3,25k A List Submissions_Sheet1.csv
STATE,STATE,25k A List Submissions_Sheet1.csv
TAX ID,TAX ID,25k A List Submissions_Sheet1.csv
NETWORKTYPE,NETWORKTYPE,25k A List Submissions_Sheet1.csv
NUMBERTYPE 1,NUMBERTYPE 1,25k A List Submissions_Sheet1.csv
NETWORKTYPE,NETWORKTYPE,25k A List Submissions_Sheet1.csv
OWNER NAME,OWNER NAME,26 leads - 11 July 2024(2)_Sheet1.csv
BUSINESS NAME,BUSINESS NAME,26 leads - 11 July 2024(2)_Sheet1.csv
STATE,STATE,26 leads - 11 July 2024(2)_Sheet1.csv
PHONE,PHONE,26 leads - 11 July 2024(2)_Sheet1.csv
EMAIL,EMAIL,26 leads - 11 July 2024(2)_Sheet1.csv
DOB,DOB,26 leads - 11 July 2024(2)_Sheet1.csv
FIRST NAME,FIRST NAME,2662 ISO DATA -LI#1_Sheet2.csv
LAST NAME,LAST NAME,2662 ISO DATA -LI#1_Sheet2.csv
TITLE,TITLE,2662 ISO DATA -LI#1_Sheet2.csv
EMAIL,EMAIL,2662 ISO DATA -LI#1_Sheet2.csv
COMPANY NAME FOR EMAILS,COMPANY NAME FOR EMAILS,2662 ISO DATA -LI#1_Sheet2.csv
FIRST PHONE,FIRST PHONE,2662 ISO DATA -LI#1_Sheet2.csv
CORPORATE PHONE,CORPORATE PHONE,2662 ISO DATA -LI#1_Sheet2.csv
# EMPLOYEES,# EMPLOYEES,2662 ISO DATA -LI#1_Sheet2.csv
CITY,CITY,2662 ISO DATA -LI#1_Sheet2.csv
STATE,STATE,2662 ISO DATA -LI#1_Sheet2.csv
COMPANY_NAME,COMPANY_NAME,29K UCC 2023-2024 ALL CELLPHONE -FIRE FILE (1)_Sheet1.csv
CONTACT1_FIRST,CONTACT1_FIRST,29K UCC 2023-2024 ALL CELLPHONE -FIRE FILE (1)_Sheet1.csv
CONTACT1_LAST,CONTACT1_LAST,29K UCC 2023-2024 ALL CELLPHONE -FIRE FILE (1)_Sheet1.csv
PHONE,PHONE,29K UCC 2023-2024 ALL CELLPHONE -FIRE FILE (1)_Sheet1.csv
STATE,STATE,29K UCC 2023-2024 ALL CELLPHONE -FIRE FILE (1)_Sheet1.csv
ZIP,ZIP,29K UCC 2023-2024 ALL CELLPHONE -FIRE FILE (1)_Sheet1.csv
SALES_VOLUME,SALES_VOLUME,29K UCC 2023-2024 ALL CELLPHONE -FIRE FILE (1)_Sheet1.csv
CELL_CARRIER,CELL_CARRIER,29K UCC 2023-2024 ALL CELLPHONE -FIRE FILE (1)_Sheet1.csv
OWNER NAME,OWNER NAME,2k mca declines nov 2022(6)_Sheet1.csv
EMAIL,EMAIL,2k mca declines nov 2022(6)_Sheet1.csv
PHONE,PHONE,2k mca declines nov 2022(6)_Sheet1.csv
COMPANY,COMPANY,2k mca declines nov 2022(6)_Sheet1.csv
REVENUE,REVENUE,2k mca declines nov 2022(6)_Sheet1.csv
CREDIT,CREDIT,2k mca declines nov 2022(6)_Sheet1.csv
REASON FOR DECLINE,REASON FOR DECLINE,2k mca declines nov 2022(6)_Sheet1.csv
YEARS IN BUSINESS,YEARS IN BUSINESS,3,300_3000.csv
USE OF FUNDS,USE OF FUNDS,3,300_3000.csv
MONTLY GROSS REVENUE,MONTLY GROSS REVENUE,3,300_3000.csv
AMOUNT NEEDED,AMOUNT NEEDED,3,300_3000.csv
COMPANY NAME,COMPANY NAME,3,300_3000.csv
FIRST NAME,FIRST NAME,3,300_3000.csv
BEST TIME TO CALLBACK,BEST TIME TO CALLBACK,3,300_3000.csv
PHONE NUMBERS,PHONE NUMBERS,3,300_3000.csv
PHONE NUMBERS,PHONE NUMBERS,3,300_3000.csv
EMAILS,EMAILS,3,300_3000.csv
TALK TIME,TALK TIME,3,300_3000.csv
FIRST,FIRST,3020 fireee app info with cell aug-sep 2023 (1)_Sheet1.csv
LAST,LAST,3020 fireee app info with cell aug-sep 2023 (1)_Sheet1.csv
BUSINESS,BUSINESS,3020 fireee app info with cell aug-sep 2023 (1)_Sheet1.csv
PHONE,PHONE,3020 fireee app info with cell aug-sep 2023 (1)_Sheet1.csv
EMAIL,EMAIL,3020 fireee app info with cell aug-sep 2023 (1)_Sheet1.csv
STATE,STATE,3020 fireee app info with cell aug-sep 2023 (1)_Sheet1.csv
TIMEZONE,TIMEZONE,3020 fireee app info with cell aug-sep 2023 (1)_Sheet1.csv
LINE TYPE,LINE TYPE,3020 fireee app info with cell aug-sep 2023 (1)_Sheet1.csv
LINE STATUS,LINE STATUS,3020 fireee app info with cell aug-sep 2023 (1)_Sheet1.csv
EMAIL STATUS,EMAIL STATUS,3020 fireee app info with cell aug-sep 2023 (1)_Sheet1.csv
COMPANY,COMPANY,3050 NEW FUNDED DEAL DATA 2023 (1)_Sheet1.csv
OWNER NAME,OWNER NAME,3050 NEW FUNDED DEAL DATA 2023 (1)_Sheet1.csv
PHONE,PHONE,3050 NEW FUNDED DEAL DATA 2023 (1)_Sheet1.csv
CELL,CELL,3050 NEW FUNDED DEAL DATA 2023 (1)_Sheet1.csv
EMAIL,EMAIL,3050 NEW FUNDED DEAL DATA 2023 (1)_Sheet1.csv
TERM,TERM,3050 NEW FUNDED DEAL DATA 2023 (1)_Sheet1.csv
$,$,3050 NEW FUNDED DEAL DATA 2023 (1)_Sheet1.csv
REVENUE,REVENUE,3050 NEW FUNDED DEAL DATA 2023 (1)_Sheet1.csv
BUSINESS NAMES,BUSINESS NAMES,307 - 26 and 27 December 2024(1)_Sheet1.csv
BUSINESS START DATE,BUSINESS START DATE,307 - 26 and 27 December 2024(1)_Sheet1.csv
EIN,EIN,307 - 26 and 27 December 2024(1)_Sheet1.csv
MOBILE,MOBILE,307 - 26 and 27 December 2024(1)_Sheet1.csv
EMAIL,EMAIL,307 - 26 and 27 December 2024(1)_Sheet1.csv
OWNER NAME,OWNER NAME,307 - 26 and 27 December 2024(1)_Sheet1.csv
BIRTH DATE,BIRTH DATE,307 - 26 and 27 December 2024(1)_Sheet1.csv
STATE,STATE,307 - 26 and 27 December 2024(1)_Sheet1.csv
MONTHLY REVENUE,MONTHLY REVENUE,307 - 26 and 27 December 2024(1)_Sheet1.csv
BUSINESS NAME,BUSINESS NAME,35_Sheet1.csv
BUSINESS TYPE,BUSINESS TYPE,35_Sheet1.csv
BUSINESS START DATE,BUSINESS START DATE,35_Sheet1.csv
EIN,EIN,35_Sheet1.csv
MOBILE,MOBILE,35_Sheet1.csv
PHONE,PHONE,35_Sheet1.csv
EMAIL,EMAIL,35_Sheet1.csv
SSN,SSN,35_Sheet1.csv
OWNER NAME,OWNER NAME,35_Sheet1.csv
BIRTH DATE,BIRTH DATE,35_Sheet1.csv
ADDRESS STREET,ADDRESS STREET,35_Sheet1.csv
CITY,CITY,35_Sheet1.csv
STATE,STATE,35_Sheet1.csv
ZIP,ZIP,35_Sheet1.csv
MONTHLY REVENUE,MONTHLY REVENUE,35_Sheet1.csv
COMPANY,COMPANY,356 30-day app info -sam_Sheet1.csv
INDUSTRY,INDUSTRY,356 30-day app info -sam_Sheet1.csv
TIB,TIB,356 30-day app info -sam_Sheet1.csv
OWNER NAME,OWNER NAME,356 30-day app info -sam_Sheet1.csv
PHONE,PHONE,356 30-day app info -sam_Sheet1.csv
PHONE1,PHONE1,356 30-day app info -sam_Sheet1.csv
EMAIL,EMAIL,356 30-day app info -sam_Sheet1.csv
ADDRESS,ADDRESS,356 30-day app info -sam_Sheet1.csv
CITY,CITY,356 30-day app info -sam_Sheet1.csv
STATE,STATE,356 30-day app info -sam_Sheet1.csv
ZIP,ZIP,356 30-day app info -sam_Sheet1.csv
REVENUE,REVENUE,356 30-day app info -sam_Sheet1.csv
FIRST NAME,FIRST NAME,3595 funded deal data 2023 _Sheet1.csv
LAST NAME,LAST NAME,3595 funded deal data 2023 _Sheet1.csv
PHONE NUMBER,PHONE NUMBER,3595 funded deal data 2023 _Sheet1.csv
EMAIL,EMAIL,3595 funded deal data 2023 _Sheet1.csv
COMPANY,COMPANY,3595 funded deal data 2023 _Sheet1.csv
CREDIT SCORE,CREDIT SCORE,3595 funded deal data 2023 _Sheet1.csv
LOAN AMOUNT,LOAN AMOUNT,3595 funded deal data 2023 _Sheet1.csv
MONTHLY REVENUE,MONTHLY REVENUE,3595 funded deal data 2023 _Sheet1.csv
LINE TYPE,LINE TYPE,3595 funded deal data 2023 _Sheet1.csv
COMPANY,COMPANY,3-6 MONTHS WEB-OPTIN-INCLUDING 1 POSITION PLUS W_EMAIL AND CELL-3397_Sheet1.csv
FIRST NAME,FIRST NAME,3-6 MONTHS WEB-OPTIN-INCLUDING 1 POSITION PLUS W_EMAIL AND CELL-3397_Sheet1.csv
LAST NAME,LAST NAME,3-6 MONTHS WEB-OPTIN-INCLUDING 1 POSITION PLUS W_EMAIL AND CELL-3397_Sheet1.csv
PHONE,PHONE,3-6 MONTHS WEB-OPTIN-INCLUDING 1 POSITION PLUS W_EMAIL AND CELL-3397_Sheet1.csv
EMAIL,EMAIL,3-6 MONTHS WEB-OPTIN-INCLUDING 1 POSITION PLUS W_EMAIL AND CELL-3397_Sheet1.csv
STATE,STATE,3-6 MONTHS WEB-OPTIN-INCLUDING 1 POSITION PLUS W_EMAIL AND CELL-3397_Sheet1.csv
TIMEZONE,TIMEZONE,3-6 MONTHS WEB-OPTIN-INCLUDING 1 POSITION PLUS W_EMAIL AND CELL-3397_Sheet1.csv
LINE_TYPE,LINE_TYPE,3-6 MONTHS WEB-OPTIN-INCLUDING 1 POSITION PLUS W_EMAIL AND CELL-3397_Sheet1.csv
PHONE_STATUS,PHONE_STATUS,3-6 MONTHS WEB-OPTIN-INCLUDING 1 POSITION PLUS W_EMAIL AND CELL-3397_Sheet1.csv
EMAIL_STATUS,EMAIL_STATUS,3-6 MONTHS WEB-OPTIN-INCLUDING 1 POSITION PLUS W_EMAIL AND CELL-3397_Sheet1.csv
BUSINESS NAME,BUSINESS NAME,3778 Leads with Positions 2APRIL2025(1)_3778 Leads with Positions APRIL.csv
DBA,DBA,3778 Leads with Positions 2APRIL2025(1)_3778 Leads with Positions APRIL.csv
ADDRESS,ADDRESS,3778 Leads with Positions 2APRIL2025(1)_3778 Leads with Positions APRIL.csv
OWNER 1,OWNER 1,3778 Leads with Positions 2APRIL2025(1)_3778 Leads with Positions APRIL.csv
D.O.B.,D.O.B.,3778 Leads with Positions 2APRIL2025(1)_3778 Leads with Positions APRIL.csv
EMAIL,EMAIL,3778 Leads with Positions 2APRIL2025(1)_3778 Leads with Positions APRIL.csv
BUSINESSPHONE,BUSINESSPHONE,3778 Leads with Positions 2APRIL2025(1)_3778 Leads with Positions APRIL.csv
ALT PHONE,ALT PHONE,3778 Leads with Positions 2APRIL2025(1)_3778 Leads with Positions APRIL.csv
MONTHLY VOLUME,MONTHLY VOLUME,3778 Leads with Positions 2APRIL2025(1)_3778 Leads with Positions APRIL.csv
POSITION 1,POSITION 1,3778 Leads with Positions 2APRIL2025(1)_3778 Leads with Positions APRIL.csv
POSITION 2,POSITION 2,3778 Leads with Positions 2APRIL2025(1)_3778 Leads with Positions APRIL.csv
POSITION 3,POSITION 3,3778 Leads with Positions 2APRIL2025(1)_3778 Leads with Positions APRIL.csv
POSITION 4,POSITION 4,3778 Leads with Positions 2APRIL2025(1)_3778 Leads with Positions APRIL.csv
POSITION 5,POSITION 5,3778 Leads with Positions 2APRIL2025(1)_3778 Leads with Positions APRIL.csv
POSITION 6,POSITION 6,3778 Leads with Positions 2APRIL2025(1)_3778 Leads with Positions APRIL.csv
POSITION 7,POSITION 7,3778 Leads with Positions 2APRIL2025(1)_3778 Leads with Positions APRIL.csv
PHONE1,PHONE1,3850-MCA APP INFO_DIGI-40k and above -1-29-2023_Sheet1.csv
FIRSTNAME,FIRSTNAME,3850-MCA APP INFO_DIGI-40k and above -1-29-2023_Sheet1.csv
LASTNAME,LASTNAME,3850-MCA APP INFO_DIGI-40k and above -1-29-2023_Sheet1.csv
ADDRESS1,ADDRESS1,3850-MCA APP INFO_DIGI-40k and above -1-29-2023_Sheet1.csv
CITY,CITY,3850-MCA APP INFO_DIGI-40k and above -1-29-2023_Sheet1.csv
STATE,STATE,3850-MCA APP INFO_DIGI-40k and above -1-29-2023_Sheet1.csv
ZIP,ZIP,3850-MCA APP INFO_DIGI-40k and above -1-29-2023_Sheet1.csv
EMAIL,EMAIL,3850-MCA APP INFO_DIGI-40k and above -1-29-2023_Sheet1.csv
COMPANY,COMPANY,3850-MCA APP INFO_DIGI-40k and above -1-29-2023_Sheet1.csv
AMOUNT,AMOUNT,3850-MCA APP INFO_DIGI-40k and above -1-29-2023_Sheet1.csv
REVENUE,REVENUE,3850-MCA APP INFO_DIGI-40k and above -1-29-2023_Sheet1.csv
OWNER NAME,OWNER NAME,400 A PAPER DECLINES (4)_Sheet1.csv
PHONE,PHONE,400 A PAPER DECLINES (4)_Sheet1.csv
EMAIL,EMAIL,400 A PAPER DECLINES (4)_Sheet1.csv
COMPANY,COMPANY,400 A PAPER DECLINES (4)_Sheet1.csv
REVENUE,REVENUE,400 A PAPER DECLINES (4)_Sheet1.csv
RESON FOR DEC,RESON FOR DEC,400 A PAPER DECLINES (4)_Sheet1.csv
COMPANY NAME,COMPANY NAME,4342 MCA FUNDED LEADS (3)_Sheet1.csv
FIRSTNAME,FIRSTNAME,4342 MCA FUNDED LEADS (3)_Sheet1.csv
LASTNAME,LASTNAME,4342 MCA FUNDED LEADS (3)_Sheet1.csv
PHONE NUMBER,PHONE NUMBER,4342 MCA FUNDED LEADS (3)_Sheet1.csv
FUNDED AMOUNT,FUNDED AMOUNT,4342 MCA FUNDED LEADS (3)_Sheet1.csv
CREDIT SCORE/ FICO SCORE,CREDIT SCORE/ FICO SCORE,4342 MCA FUNDED LEADS (3)_Sheet1.csv
EMAIL,EMAIL,4342 MCA FUNDED LEADS (3)_Sheet1.csv
COMPANY,COMPANY,439- APP INFO 30-90 DAYS -SEP 2023 (1)(1)_439 APP INFO 30-90 DAYS .csv
OWNER,OWNER,439- APP INFO 30-90 DAYS -SEP 2023 (1)(1)_439 APP INFO 30-90 DAYS .csv
CELLPHONE,CELLPHONE,439- APP INFO 30-90 DAYS -SEP 2023 (1)(1)_439 APP INFO 30-90 DAYS .csv
BUSINESSPHONE,BUSINESSPHONE,439- APP INFO 30-90 DAYS -SEP 2023 (1)(1)_439 APP INFO 30-90 DAYS .csv
ALTPHONE,ALTPHONE,439- APP INFO 30-90 DAYS -SEP 2023 (1)(1)_439 APP INFO 30-90 DAYS .csv
EMAIL,EMAIL,439- APP INFO 30-90 DAYS -SEP 2023 (1)(1)_439 APP INFO 30-90 DAYS .csv
INDUSTRY,INDUSTRY,439- APP INFO 30-90 DAYS -SEP 2023 (1)(1)_439 APP INFO 30-90 DAYS .csv
FEDERALTAXID,FEDERALTAXID,439- APP INFO 30-90 DAYS -SEP 2023 (1)(1)_439 APP INFO 30-90 DAYS .csv
DATEBUSINESSSTARTED,DATEBUSINESSSTARTED,439- APP INFO 30-90 DAYS -SEP 2023 (1)(1)_439 APP INFO 30-90 DAYS .csv
DATEOFBIRTH,DATEOFBIRTH,439- APP INFO 30-90 DAYS -SEP 2023 (1)(1)_439 APP INFO 30-90 DAYS .csv
ADDRESS,ADDRESS,439- APP INFO 30-90 DAYS -SEP 2023 (1)(1)_439 APP INFO 30-90 DAYS .csv
CITY,CITY,439- APP INFO 30-90 DAYS -SEP 2023 (1)(1)_439 APP INFO 30-90 DAYS .csv
STATE,STATE,439- APP INFO 30-90 DAYS -SEP 2023 (1)(1)_439 APP INFO 30-90 DAYS .csv
ZIP,ZIP,439- APP INFO 30-90 DAYS -SEP 2023 (1)(1)_439 APP INFO 30-90 DAYS .csv
MONTHLY REVENUE,MONTHLY REVENUE,439- APP INFO 30-90 DAYS -SEP 2023 (1)(1)_439 APP INFO 30-90 DAYS .csv
COMPANY,COMPANY,439- APP INFO 30-90 DAYS -SEP 2023 (1)_439 APP INFO 30-90 DAYS .csv
OWNER,OWNER,439- APP INFO 30-90 DAYS -SEP 2023 (1)_439 APP INFO 30-90 DAYS .csv
CELLPHONE,CELLPHONE,439- APP INFO 30-90 DAYS -SEP 2023 (1)_439 APP INFO 30-90 DAYS .csv
BUSINESSPHONE,BUSINESSPHONE,439- APP INFO 30-90 DAYS -SEP 2023 (1)_439 APP INFO 30-90 DAYS .csv
ALTPHONE,ALTPHONE,439- APP INFO 30-90 DAYS -SEP 2023 (1)_439 APP INFO 30-90 DAYS .csv
EMAIL,EMAIL,439- APP INFO 30-90 DAYS -SEP 2023 (1)_439 APP INFO 30-90 DAYS .csv
INDUSTRY,INDUSTRY,439- APP INFO 30-90 DAYS -SEP 2023 (1)_439 APP INFO 30-90 DAYS .csv
FEDERALTAXID,FEDERALTAXID,439- APP INFO 30-90 DAYS -SEP 2023 (1)_439 APP INFO 30-90 DAYS .csv
DATEBUSINESSSTARTED,DATEBUSINESSSTARTED,439- APP INFO 30-90 DAYS -SEP 2023 (1)_439 APP INFO 30-90 DAYS .csv
DATEOFBIRTH,DATEOFBIRTH,439- APP INFO 30-90 DAYS -SEP 2023 (1)_439 APP INFO 30-90 DAYS .csv
ADDRESS,ADDRESS,439- APP INFO 30-90 DAYS -SEP 2023 (1)_439 APP INFO 30-90 DAYS .csv
CITY,CITY,439- APP INFO 30-90 DAYS -SEP 2023 (1)_439 APP INFO 30-90 DAYS .csv
STATE,STATE,439- APP INFO 30-90 DAYS -SEP 2023 (1)_439 APP INFO 30-90 DAYS .csv
ZIP,ZIP,439- APP INFO 30-90 DAYS -SEP 2023 (1)_439 APP INFO 30-90 DAYS .csv
MONTHLY REVENUE,MONTHLY REVENUE,439- APP INFO 30-90 DAYS -SEP 2023 (1)_439 APP INFO 30-90 DAYS .csv
FIRST NAME,FIRST NAME,45-90 Days Funded Leads(3)(2)_Sheet1.csv
LAST NAME,LAST NAME,45-90 Days Funded Leads(3)(2)_Sheet1.csv
PHONE NUMBER,PHONE NUMBER,45-90 Days Funded Leads(3)(2)_Sheet1.csv
EMAIL,EMAIL,45-90 Days Funded Leads(3)(2)_Sheet1.csv
COMPANY,COMPANY,45-90 Days Funded Leads(3)(2)_Sheet1.csv
REVENUE,REVENUE,45-90 Days Funded Leads(3)(2)_Sheet1.csv
AMOUNT FUNDED,AMOUNT FUNDED,45-90 Days Funded Leads(3)(2)_Sheet1.csv
STATE,STATE,45-90 Days Funded Leads(3)(2)_Sheet1.csv
POSITION,POSITION,45-90 Days Funded Leads(3)(2)_Sheet1.csv
FACTOR RATE,FACTOR RATE,45-90 Days Funded Leads(3)(2)_Sheet1.csv
LINE TYPE,LINE TYPE,45-90 Days Funded Leads(3)(2)_Sheet1.csv
EMAIL STATUS,EMAIL STATUS,45-90 Days Funded Leads(3)(2)_Sheet1.csv
BUSINESS,BUSINESS,4K NYC.03.13.25(1).csv
EIN,EIN,4K NYC.03.13.25(1).csv
TIB,TIB,4K NYC.03.13.25(1).csv
PHONE,PHONE,4K NYC.03.13.25(1).csv
LINE TYPE,LINE TYPE,4K NYC.03.13.25(1).csv
PHONE 2,PHONE 2,4K NYC.03.13.25(1).csv
EMAIL,EMAIL,4K NYC.03.13.25(1).csv
OWNER,OWNER,4K NYC.03.13.25(1).csv
ADDRESS,ADDRESS,4K NYC.03.13.25(1).csv
CITY,CITY,4K NYC.03.13.25(1).csv
STATE,STATE,4K NYC.03.13.25(1).csv
ZIP,ZIP,4K NYC.03.13.25(1).csv
MONTHLY REVENUE,MONTHLY REVENUE,4K NYC.03.13.25(1).csv
TIMEZONE,TIMEZONE,4K NYC.03.13.25(1).csv
BUSINESS NAME,BUSINESS NAME,50 Apps_Sheet1.csv
BUSINESS TYPE,BUSINESS TYPE,50 Apps_Sheet1.csv
BUSINESS START DATE,BUSINESS START DATE,50 Apps_Sheet1.csv
EIN,EIN,50 Apps_Sheet1.csv
CELL,CELL,50 Apps_Sheet1.csv
LANDLINE,LANDLINE,50 Apps_Sheet1.csv
EMAIL,EMAIL,50 Apps_Sheet1.csv
SSN,SSN,50 Apps_Sheet1.csv
OWNER NAME,OWNER NAME,50 Apps_Sheet1.csv
BIRTH DATE,BIRTH DATE,50 Apps_Sheet1.csv
ADDRESS STREET,ADDRESS STREET,50 Apps_Sheet1.csv
CITY,CITY,50 Apps_Sheet1.csv
STATE,STATE,50 Apps_Sheet1.csv
ZIP,ZIP,50 Apps_Sheet1.csv
MONTHLY REVENUE,MONTHLY REVENUE,50 Apps_Sheet1.csv
CREDIT SCORE,CREDIT SCORE,50 Apps_Sheet1.csv
AUTO TRANSPORT LLC,AUTO TRANSPORT LLC,50 Apps_Sheet2.csv
82-2545258,82-2545258,50 Apps_Sheet2.csv
10352 FOREST BROOK LN APT F,10352 FOREST BROOK LN APT F,50 Apps_Sheet2.csv
SAINT LOUIS,SAINT LOUIS,50 Apps_Sheet2.csv
MO,MO,50 Apps_Sheet2.csv
63146.0,63146.0,50 Apps_Sheet2.csv
(267) 258-8825,(267) 258-8825,50 Apps_Sheet2.csv
AKBAR ASADULLAH MOHIBONU,AKBAR ASADULLAH MOHIBONU,50 Apps_Sheet2.csv
2017-10-01 00:00:00,2017-10-01 00:00:00,50 Apps_Sheet2.csv
TRANSPORTATION,TRANSPORTATION,50 Apps_Sheet2.csv
488-25-6844,488-25-6844,50 Apps_Sheet2.csv
1980-05-05 00:00:00,1980-05-05 00:00:00,50 Apps_Sheet2.csv
46862.96,46862.96,50 Apps_Sheet2.csv
BUSINESS,BUSINESS,500 FIRE APPS MAY 2024 _Sheet1.csv
FIRST,FIRST,500 FIRE APPS MAY 2024 _Sheet1.csv
LAST,LAST,500 FIRE APPS MAY 2024 _Sheet1.csv
ADDRESS,ADDRESS,500 FIRE APPS MAY 2024 _Sheet1.csv
CITY,CITY,500 FIRE APPS MAY 2024 _Sheet1.csv
STATE,STATE,500 FIRE APPS MAY 2024 _Sheet1.csv
ZIP,ZIP,500 FIRE APPS MAY 2024 _Sheet1.csv
EMAIL,EMAIL,500 FIRE APPS MAY 2024 _Sheet1.csv
MONTHLY REV,MONTHLY REV,500 FIRE APPS MAY 2024 _Sheet1.csv
TIB,TIB,500 FIRE APPS MAY 2024 _Sheet1.csv
PHONE,PHONE,500 FIRE APPS MAY 2024 _Sheet1.csv
DISPOSITION,DISPOSITION,500 FIRE APPS MAY 2024 _Sheet1.csv
ISCELL,ISCELL,500 FIRE APPS MAY 2024 _Sheet1.csv
FIRST NAME,FIRST NAME,500 MCA FUNDED  DATA 2022_Sheet1.csv
LAST NAME,LAST NAME,500 MCA FUNDED  DATA 2022_Sheet1.csv
COMPANY,COMPANY,500 MCA FUNDED  DATA 2022_Sheet1.csv
PHONE,PHONE,500 MCA FUNDED  DATA 2022_Sheet1.csv
EMAIL,EMAIL,500 MCA FUNDED  DATA 2022_Sheet1.csv
STATE,STATE,500 MCA FUNDED  DATA 2022_Sheet1.csv
TIMEZONE,TIMEZONE,500 MCA FUNDED  DATA 2022_Sheet1.csv
LINE_TYPE,LINE_TYPE,500 MCA FUNDED  DATA 2022_Sheet1.csv
PHONE_STATUS,PHONE_STATUS,500 MCA FUNDED  DATA 2022_Sheet1.csv
FUNDED,FUNDED,500 MCA FUNDED  DATA 2022_Sheet1.csv
FACTOR,FACTOR,500 MCA FUNDED  DATA 2022_Sheet1.csv
TERM,TERM,500 MCA FUNDED  DATA 2022_Sheet1.csv
COMPANY,COMPANY,500 MCA STACKED JAN-2025 -WITH PMT DETAILS _Sheet1.csv
OWNER,OWNER,500 MCA STACKED JAN-2025 -WITH PMT DETAILS _Sheet1.csv
EMAIL,EMAIL,500 MCA STACKED JAN-2025 -WITH PMT DETAILS _Sheet1.csv
PHONE 1,PHONE 1,500 MCA STACKED JAN-2025 -WITH PMT DETAILS _Sheet1.csv
PHONE 2,PHONE 2,500 MCA STACKED JAN-2025 -WITH PMT DETAILS _Sheet1.csv
ADDRESS,ADDRESS,500 MCA STACKED JAN-2025 -WITH PMT DETAILS _Sheet1.csv
DATE,DATE,500 MCA STACKED JAN-2025 -WITH PMT DETAILS _Sheet1.csv
REVENUE PER MONTH,REVENUE PER MONTH,500 MCA STACKED JAN-2025 -WITH PMT DETAILS _Sheet1.csv
LOANS,LOANS,500 MCA STACKED JAN-2025 -WITH PMT DETAILS _Sheet1.csv
FIRST NAME,FIRST NAME,500 SUBMISSIONS MAY 2023 (1)(2)(1)_Sheet1.csv
LAST NAME,LAST NAME,500 SUBMISSIONS MAY 2023 (1)(2)(1)_Sheet1.csv
PHONE NUMBER,PHONE NUMBER,500 SUBMISSIONS MAY 2023 (1)(2)(1)_Sheet1.csv
EMAIL,EMAIL,500 SUBMISSIONS MAY 2023 (1)(2)(1)_Sheet1.csv
COMPANY,COMPANY,500 SUBMISSIONS MAY 2023 (1)(2)(1)_Sheet1.csv
CREDIT SCORE,CREDIT SCORE,500 SUBMISSIONS MAY 2023 (1)(2)(1)_Sheet1.csv
MONTHLY REVENUE,MONTHLY REVENUE,500 SUBMISSIONS MAY 2023 (1)(2)(1)_Sheet1.csv
PHONE1,PHONE1,5000 MCA APP INFO_DIGIAPPS LESS THAN 15 DAYS (1)_Sheet1.csv
FIRSTNAME,FIRSTNAME,5000 MCA APP INFO_DIGIAPPS LESS THAN 15 DAYS (1)_Sheet1.csv
LASTNAME,LASTNAME,5000 MCA APP INFO_DIGIAPPS LESS THAN 15 DAYS (1)_Sheet1.csv
ADDRESS1,ADDRESS1,5000 MCA APP INFO_DIGIAPPS LESS THAN 15 DAYS (1)_Sheet1.csv
CITY,CITY,5000 MCA APP INFO_DIGIAPPS LESS THAN 15 DAYS (1)_Sheet1.csv
STATE,STATE,5000 MCA APP INFO_DIGIAPPS LESS THAN 15 DAYS (1)_Sheet1.csv
ZIP,ZIP,5000 MCA APP INFO_DIGIAPPS LESS THAN 15 DAYS (1)_Sheet1.csv
EMAIL,EMAIL,5000 MCA APP INFO_DIGIAPPS LESS THAN 15 DAYS (1)_Sheet1.csv
COMPANY,COMPANY,5000 MCA APP INFO_DIGIAPPS LESS THAN 15 DAYS (1)_Sheet1.csv
AMOUNT,AMOUNT,5000 MCA APP INFO_DIGIAPPS LESS THAN 15 DAYS (1)_Sheet1.csv
REVENUE,REVENUE,5000 MCA APP INFO_DIGIAPPS LESS THAN 15 DAYS (1)_Sheet1.csv
CREDIT,CREDIT,5000 NYC.01.26.25.csv
BUSINESS,BUSINESS,5000 NYC.01.26.25.csv
FIRST,FIRST,5000 NYC.01.26.25.csv
LAST,LAST,5000 NYC.01.26.25.csv
STATE,STATE,5000 NYC.01.26.25.csv
CELL,CELL,5000 NYC.01.26.25.csv
PHONE,PHONE,5000 NYC.01.26.25.csv
LINE TYPE,LINE TYPE,5000 NYC.01.26.25.csv
CARRIER,CARRIER,5000 NYC.01.26.25.csv
STATE,STATE,5000 NYC.01.26.25.csv
PHONE 3,PHONE 3,5000 NYC.01.26.25.csv
EMAIL,EMAIL,5000 NYC.01.26.25.csv
MERCHANT NAME,MERCHANT NAME,5500 LIVE TRANSFERS APRIL 2024 _Sheet1.csv
BUSINESS NAME,BUSINESS NAME,5500 LIVE TRANSFERS APRIL 2024 _Sheet1.csv
PHONE NUMBERS,PHONE NUMBERS,5500 LIVE TRANSFERS APRIL 2024 _Sheet1.csv
ALTERNATIVE NUMBER,ALTERNATIVE NUMBER,5500 LIVE TRANSFERS APRIL 2024 _Sheet1.csv
YEARS IN BUSINESS,YEARS IN BUSINESS,5500 LIVE TRANSFERS APRIL 2024 _Sheet1.csv
PURPOSE OF THE CAPITAL,PURPOSE OF THE CAPITAL,5500 LIVE TRANSFERS APRIL 2024 _Sheet1.csv
HOW MUCH IS HE LOOKING FOR?,HOW MUCH IS HE LOOKING FOR?,5500 LIVE TRANSFERS APRIL 2024 _Sheet1.csv
HIS MONTHLY GROSS REVENUE?,HIS MONTHLY GROSS REVENUE?,5500 LIVE TRANSFERS APRIL 2024 _Sheet1.csv
BANKRUPTCIES/ JUDGEMENTS,BANKRUPTCIES/ JUDGEMENTS,5500 LIVE TRANSFERS APRIL 2024 _Sheet1.csv
HOW SOON MERCHANT CAN USE THE CAPITAL?,HOW SOON MERCHANT CAN USE THE CAPITAL?,5500 LIVE TRANSFERS APRIL 2024 _Sheet1.csv
DO YOU HAVE ANY LOANS RIGHT NOW?,DO YOU HAVE ANY LOANS RIGHT NOW?,5500 LIVE TRANSFERS APRIL 2024 _Sheet1.csv
EMAIL,EMAIL,5500 LIVE TRANSFERS APRIL 2024 _Sheet1.csv
OWNERFULLNAME,OWNERFULLNAME,560 APP INFO WITH LENDER INFO -6-12 MONTHS (3)_Sheet1.csv
CELLPHONE,CELLPHONE,560 APP INFO WITH LENDER INFO -6-12 MONTHS (3)_Sheet1.csv
BUSINESSPHONE,BUSINESSPHONE,560 APP INFO WITH LENDER INFO -6-12 MONTHS (3)_Sheet1.csv
ALTPHONE,ALTPHONE,560 APP INFO WITH LENDER INFO -6-12 MONTHS (3)_Sheet1.csv
EMAIL,EMAIL,560 APP INFO WITH LENDER INFO -6-12 MONTHS (3)_Sheet1.csv
BUSINESSNAME,BUSINESSNAME,560 APP INFO WITH LENDER INFO -6-12 MONTHS (3)_Sheet1.csv
DATEBUSINESSSTARTED,DATEBUSINESSSTARTED,560 APP INFO WITH LENDER INFO -6-12 MONTHS (3)_Sheet1.csv
FEDERALTAXID,FEDERALTAXID,560 APP INFO WITH LENDER INFO -6-12 MONTHS (3)_Sheet1.csv
DATEOFBIRTH,DATEOFBIRTH,560 APP INFO WITH LENDER INFO -6-12 MONTHS (3)_Sheet1.csv
ADDRESS,ADDRESS,560 APP INFO WITH LENDER INFO -6-12 MONTHS (3)_Sheet1.csv
CITY,CITY,560 APP INFO WITH LENDER INFO -6-12 MONTHS (3)_Sheet1.csv
STATE,STATE,560 APP INFO WITH LENDER INFO -6-12 MONTHS (3)_Sheet1.csv
ZIP,ZIP,560 APP INFO WITH LENDER INFO -6-12 MONTHS (3)_Sheet1.csv
BUSINESSMONTHLYREVENUE,BUSINESSMONTHLYREVENUE,560 APP INFO WITH LENDER INFO -6-12 MONTHS (3)_Sheet1.csv
CASHADVANCELENDERONE,CASHADVANCELENDERONE,560 APP INFO WITH LENDER INFO -6-12 MONTHS (3)_Sheet1.csv
AMOUNTOWEDTOCURRENTLENDERS,AMOUNTOWEDTOCURRENTLENDERS,560 APP INFO WITH LENDER INFO -6-12 MONTHS (3)_Sheet1.csv
BUSINESS,BUSINESS,571 app info less than 30 days _Sheet1.csv
EMAIL,EMAIL,571 app info less than 30 days _Sheet1.csv
OWNER,OWNER,571 app info less than 30 days _Sheet1.csv
ADDRESS,ADDRESS,571 app info less than 30 days _Sheet1.csv
CITY,CITY,571 app info less than 30 days _Sheet1.csv
STATE,STATE,571 app info less than 30 days _Sheet1.csv
ZIP,ZIP,571 app info less than 30 days _Sheet1.csv
MONTHLY REV,MONTHLY REV,571 app info less than 30 days _Sheet1.csv
PHONE,PHONE,571 app info less than 30 days _Sheet1.csv
LINE TYPE 1,LINE TYPE 1,571 app info less than 30 days _Sheet1.csv
PHONE 2,PHONE 2,571 app info less than 30 days _Sheet1.csv
LINE TYPE 2,LINE TYPE 2,571 app info less than 30 days _Sheet1.csv
FIRSTNAME,FIRSTNAME,5770 funded a-d paper (1)(1)_Sheet1.csv
LASTNAME,LASTNAME,5770 funded a-d paper (1)(1)_Sheet1.csv
BUSINESS NAME,BUSINESS NAME,5770 funded a-d paper (1)(1)_Sheet1.csv
COMPANY DBA NAME,COMPANY DBA NAME,5770 funded a-d paper (1)(1)_Sheet1.csv
PHONE1,PHONE1,5770 funded a-d paper (1)(1)_Sheet1.csv
PHONE2,PHONE2,5770 funded a-d paper (1)(1)_Sheet1.csv
STATE,STATE,5770 funded a-d paper (1)(1)_Sheet1.csv
ZIP,ZIP,5770 funded a-d paper (1)(1)_Sheet1.csv
ADDRESS,ADDRESS,5770 funded a-d paper (1)(1)_Sheet1.csv
CITY,CITY,5770 funded a-d paper (1)(1)_Sheet1.csv
EMAIL,EMAIL,5770 funded a-d paper (1)(1)_Sheet1.csv
REVENUE,REVENUE,5770 funded a-d paper (1)(1)_Sheet1.csv
LOAN RANGE,LOAN RANGE,5770 funded a-d paper (1)(1)_Sheet1.csv
PHONE1,PHONE1,5905 APP INFO_DIGIAPP 1-12-23(2)_Sheet1.csv
FIRSTNAME,FIRSTNAME,5905 APP INFO_DIGIAPP 1-12-23(2)_Sheet1.csv
LASTNAME,LASTNAME,5905 APP INFO_DIGIAPP 1-12-23(2)_Sheet1.csv
ADDRESS1,ADDRESS1,5905 APP INFO_DIGIAPP 1-12-23(2)_Sheet1.csv
CITY,CITY,5905 APP INFO_DIGIAPP 1-12-23(2)_Sheet1.csv
STATE,STATE,5905 APP INFO_DIGIAPP 1-12-23(2)_Sheet1.csv
ZIP,ZIP,5905 APP INFO_DIGIAPP 1-12-23(2)_Sheet1.csv
EMAIL,EMAIL,5905 APP INFO_DIGIAPP 1-12-23(2)_Sheet1.csv
COMPANY,COMPANY,5905 APP INFO_DIGIAPP 1-12-23(2)_Sheet1.csv
AMOUNT,AMOUNT,5905 APP INFO_DIGIAPP 1-12-23(2)_Sheet1.csv
REVENUE,REVENUE,5905 APP INFO_DIGIAPP 1-12-23(2)_Sheet1.csv
PHONE1,PHONE1,5905 APP INFO_DIGIAPP 1-12-23(4)_Sheet1.csv
FIRSTNAME,FIRSTNAME,5905 APP INFO_DIGIAPP 1-12-23(4)_Sheet1.csv
LASTNAME,LASTNAME,5905 APP INFO_DIGIAPP 1-12-23(4)_Sheet1.csv
ADDRESS1,ADDRESS1,5905 APP INFO_DIGIAPP 1-12-23(4)_Sheet1.csv
CITY,CITY,5905 APP INFO_DIGIAPP 1-12-23(4)_Sheet1.csv
STATE,STATE,5905 APP INFO_DIGIAPP 1-12-23(4)_Sheet1.csv
ZIP,ZIP,5905 APP INFO_DIGIAPP 1-12-23(4)_Sheet1.csv
EMAIL,EMAIL,5905 APP INFO_DIGIAPP 1-12-23(4)_Sheet1.csv
COMPANY,COMPANY,5905 APP INFO_DIGIAPP 1-12-23(4)_Sheet1.csv
AMOUNT,AMOUNT,5905 APP INFO_DIGIAPP 1-12-23(4)_Sheet1.csv
REVENUE,REVENUE,5905 APP INFO_DIGIAPP 1-12-23(4)_Sheet1.csv
FIRST,FIRST,5K - NYC.12.11.24(2).csv
LAST,LAST,5K - NYC.12.11.24(2).csv
BUSINESS,BUSINESS,5K - NYC.12.11.24(2).csv
ADDRESS,ADDRESS,5K - NYC.12.11.24(2).csv
EMAIL,EMAIL,5K - NYC.12.11.24(2).csv
PHONE,PHONE,5K - NYC.12.11.24(2).csv
MONTHLY REVENUE,MONTHLY REVENUE,5K - NYC.12.11.24(2).csv
TIB,TIB,5K - NYC.12.11.24(2).csv
USE OF FUNDS,USE OF FUNDS,5K - NYC.12.11.24(2).csv
REQUESTED FUNDING AMOUNT,REQUESTED FUNDING AMOUNT,5K - NYC.12.11.24(2).csv
﻿PHONE1,﻿PHONE1,5k MCA digi apps w cell w rev for info@proleadsnyc.com 8-28-2023(4)(1).csv
FIRSTNAME,FIRSTNAME,5k MCA digi apps w cell w rev for info@proleadsnyc.com 8-28-2023(4)(1).csv
LASTNAME,LASTNAME,5k MCA digi apps w cell w rev for info@proleadsnyc.com 8-28-2023(4)(1).csv
ADDRESS1,ADDRESS1,5k MCA digi apps w cell w rev for info@proleadsnyc.com 8-28-2023(4)(1).csv
CITY,CITY,5k MCA digi apps w cell w rev for info@proleadsnyc.com 8-28-2023(4)(1).csv
STATE,STATE,5k MCA digi apps w cell w rev for info@proleadsnyc.com 8-28-2023(4)(1).csv
ZIP,ZIP,5k MCA digi apps w cell w rev for info@proleadsnyc.com 8-28-2023(4)(1).csv
EMAIL,EMAIL,5k MCA digi apps w cell w rev for info@proleadsnyc.com 8-28-2023(4)(1).csv
COMPANY,COMPANY,5k MCA digi apps w cell w rev for info@proleadsnyc.com 8-28-2023(4)(1).csv
AMOUNT,AMOUNT,5k MCA digi apps w cell w rev for info@proleadsnyc.com 8-28-2023(4)(1).csv
REVENUE,REVENUE,5k MCA digi apps w cell w rev for info@proleadsnyc.com 8-28-2023(4)(1).csv
PHONETYPE,PHONETYPE,5k MCA digi apps w cell w rev for info@proleadsnyc.com 8-28-2023(4)(1).csv
﻿PHONE1,﻿PHONE1,5k MCA digi apps w cell w rev for info@proleadsnyc.com 8-28-2023(4).csv
FIRSTNAME,FIRSTNAME,5k MCA digi apps w cell w rev for info@proleadsnyc.com 8-28-2023(4).csv
LASTNAME,LASTNAME,5k MCA digi apps w cell w rev for info@proleadsnyc.com 8-28-2023(4).csv
ADDRESS1,ADDRESS1,5k MCA digi apps w cell w rev for info@proleadsnyc.com 8-28-2023(4).csv
CITY,CITY,5k MCA digi apps w cell w rev for info@proleadsnyc.com 8-28-2023(4).csv
STATE,STATE,5k MCA digi apps w cell w rev for info@proleadsnyc.com 8-28-2023(4).csv
ZIP,ZIP,5k MCA digi apps w cell w rev for info@proleadsnyc.com 8-28-2023(4).csv
EMAIL,EMAIL,5k MCA digi apps w cell w rev for info@proleadsnyc.com 8-28-2023(4).csv
COMPANY,COMPANY,5k MCA digi apps w cell w rev for info@proleadsnyc.com 8-28-2023(4).csv
AMOUNT,AMOUNT,5k MCA digi apps w cell w rev for info@proleadsnyc.com 8-28-2023(4).csv
REVENUE,REVENUE,5k MCA digi apps w cell w rev for info@proleadsnyc.com 8-28-2023(4).csv
PHONETYPE,PHONETYPE,5k MCA digi apps w cell w rev for info@proleadsnyc.com 8-28-2023(4).csv
DATE_POST,DATE_POST,5k mca landing page optin with details of lender -30_ cellphone _Sheet1.csv
OPT_IN,OPT_IN,5k mca landing page optin with details of lender -30_ cellphone _Sheet1.csv
COMPANY,COMPANY,5k mca landing page optin with details of lender -30_ cellphone _Sheet1.csv
ADDRESS,ADDRESS,5k mca landing page optin with details of lender -30_ cellphone _Sheet1.csv
CITY,CITY,5k mca landing page optin with details of lender -30_ cellphone _Sheet1.csv
STATE,STATE,5k mca landing page optin with details of lender -30_ cellphone _Sheet1.csv
ZIP,ZIP,5k mca landing page optin with details of lender -30_ cellphone _Sheet1.csv
CONTACT,CONTACT,5k mca landing page optin with details of lender -30_ cellphone _Sheet1.csv
TITLE,TITLE,5k mca landing page optin with details of lender -30_ cellphone _Sheet1.csv
EMAIL,EMAIL,5k mca landing page optin with details of lender -30_ cellphone _Sheet1.csv
CELL_PHONE,CELL_PHONE,5k mca landing page optin with details of lender -30_ cellphone _Sheet1.csv
SOURCE_URL,SOURCE_URL,5k mca landing page optin with details of lender -30_ cellphone _Sheet1.csv
YEARS_IN_BUSINESS,YEARS_IN_BUSINESS,5k mca landing page optin with details of lender -30_ cellphone _Sheet1.csv
SALES,SALES,5k mca landing page optin with details of lender -30_ cellphone _Sheet1.csv
CREDIT_SCORE_EST,CREDIT_SCORE_EST,5k mca landing page optin with details of lender -30_ cellphone _Sheet1.csv
IP,IP,5k mca landing page optin with details of lender -30_ cellphone _Sheet1.csv
EMPLOYEES,EMPLOYEES,5k mca landing page optin with details of lender -30_ cellphone _Sheet1.csv
LOAN_REQUEST,LOAN_REQUEST,5k mca landing page optin with details of lender -30_ cellphone _Sheet1.csv
OPT_IN_2,OPT_IN_2,5k mca landing page optin with details of lender -30_ cellphone _Sheet1.csv
FIRST NAME,FIRST NAME,5K NEW UCC WITH CELL AND EMAIL JUNE_Sheet1.csv
LAST NAME,LAST NAME,5K NEW UCC WITH CELL AND EMAIL JUNE_Sheet1.csv
PHONE NUMBER,PHONE NUMBER,5K NEW UCC WITH CELL AND EMAIL JUNE_Sheet1.csv
EMAIL,EMAIL,5K NEW UCC WITH CELL AND EMAIL JUNE_Sheet1.csv
COMPANY,COMPANY,5K NEW UCC WITH CELL AND EMAIL JUNE_Sheet1.csv
REVENUE,REVENUE,5K NEW UCC WITH CELL AND EMAIL JUNE_Sheet1.csv
LINE TYPE,LINE TYPE,5K NEW UCC WITH CELL AND EMAIL JUNE_Sheet1.csv
STATE,STATE,5K NEW UCC WITH CELL AND EMAIL JUNE_Sheet1.csv
SIC DESCRIPTION,SIC DESCRIPTION,5K NEW UCC WITH CELL AND EMAIL JUNE_Sheet1.csv
SEC PARTYNAME,SEC PARTYNAME,5K NEW UCC WITH CELL AND EMAIL JUNE_Sheet1.csv
EMPLOYEE_SIZE,EMPLOYEE_SIZE,5K NEW UCC WITH CELL AND EMAIL JUNE_Sheet1.csv
NETWORK,NETWORK,5K NEW UCC WITH CELL AND EMAIL JUNE_Sheet1.csv
BUSINESS NAME,BUSINESS NAME,6.18.25 Stacked subs less than 45 days _6.18.25 Stacked subs less than .csv
DBA,DBA,6.18.25 Stacked subs less than 45 days _6.18.25 Stacked subs less than .csv
STREET ADDRESS,STREET ADDRESS,6.18.25 Stacked subs less than 45 days _6.18.25 Stacked subs less than .csv
OWNER,OWNER,6.18.25 Stacked subs less than 45 days _6.18.25 Stacked subs less than .csv
DOB,DOB,6.18.25 Stacked subs less than 45 days _6.18.25 Stacked subs less than .csv
EMAIL,EMAIL,6.18.25 Stacked subs less than 45 days _6.18.25 Stacked subs less than .csv
BUSINESS PHONE,BUSINESS PHONE,6.18.25 Stacked subs less than 45 days _6.18.25 Stacked subs less than .csv
ALT PHONE,ALT PHONE,6.18.25 Stacked subs less than 45 days _6.18.25 Stacked subs less than .csv
MONTHLY VOLUME,MONTHLY VOLUME,6.18.25 Stacked subs less than 45 days _6.18.25 Stacked subs less than .csv
POSITIONS,POSITIONS,6.18.25 Stacked subs less than 45 days _6.18.25 Stacked subs less than .csv
BUSINESS NAME,BUSINESS NAME,6.23 Pro Cash Group - 6.23.csv
DBA,DBA,6.23 Pro Cash Group - 6.23.csv
EIN,EIN,6.23 Pro Cash Group - 6.23.csv
STREET,STREET,6.23 Pro Cash Group - 6.23.csv
CITY,CITY,6.23 Pro Cash Group - 6.23.csv
STATE,STATE,6.23 Pro Cash Group - 6.23.csv
ZIP,ZIP,6.23 Pro Cash Group - 6.23.csv
OWNER,OWNER,6.23 Pro Cash Group - 6.23.csv
DOB,DOB,6.23 Pro Cash Group - 6.23.csv
MERCHANT EMAIL,MERCHANT EMAIL,6.23 Pro Cash Group - 6.23.csv
BUSINESS PHONE,BUSINESS PHONE,6.23 Pro Cash Group - 6.23.csv
ALT PHONE,ALT PHONE,6.23 Pro Cash Group - 6.23.csv
MONTHLY VOLUME,MONTHLY VOLUME,6.23 Pro Cash Group - 6.23.csv
POSITIONS,POSITIONS,6.23 Pro Cash Group - 6.23.csv
BUSINESS NAME,BUSINESS NAME,65 JULY 27_Sheet1.csv
BUSINESS TYPE,BUSINESS TYPE,65 JULY 27_Sheet1.csv
BUSINESS START DATE,BUSINESS START DATE,65 JULY 27_Sheet1.csv
EIN,EIN,65 JULY 27_Sheet1.csv
MOBILE,MOBILE,65 JULY 27_Sheet1.csv
PHONE,PHONE,65 JULY 27_Sheet1.csv
EMAIL,EMAIL,65 JULY 27_Sheet1.csv
SSN,SSN,65 JULY 27_Sheet1.csv
OWNER NAME,OWNER NAME,65 JULY 27_Sheet1.csv
BIRTH DATE,BIRTH DATE,65 JULY 27_Sheet1.csv
ADDRESS STREET,ADDRESS STREET,65 JULY 27_Sheet1.csv
CITY,CITY,65 JULY 27_Sheet1.csv
STATE,STATE,65 JULY 27_Sheet1.csv
ZIP,ZIP,65 JULY 27_Sheet1.csv
MONTHLY REV,MONTHLY REV,65 JULY 27_Sheet1.csv
CREDIT SCORE,CREDIT SCORE,65 JULY 27_Sheet1.csv
BUSINESS,BUSINESS,6700 NEW FUNDED WITH POSITIONS _7 NYC-3K-END.csv
TIB,TIB,6700 NEW FUNDED WITH POSITIONS _7 NYC-3K-END.csv
PHONE,PHONE,6700 NEW FUNDED WITH POSITIONS _7 NYC-3K-END.csv
LINE TYPE,LINE TYPE,6700 NEW FUNDED WITH POSITIONS _7 NYC-3K-END.csv
PHONE 2,PHONE 2,6700 NEW FUNDED WITH POSITIONS _7 NYC-3K-END.csv
PHONE 2 LINE TYPE,PHONE 2 LINE TYPE,6700 NEW FUNDED WITH POSITIONS _7 NYC-3K-END.csv
EMAIL,EMAIL,6700 NEW FUNDED WITH POSITIONS _7 NYC-3K-END.csv
OWNER,OWNER,6700 NEW FUNDED WITH POSITIONS _7 NYC-3K-END.csv
ADDRESS,ADDRESS,6700 NEW FUNDED WITH POSITIONS _7 NYC-3K-END.csv
CITY,CITY,6700 NEW FUNDED WITH POSITIONS _7 NYC-3K-END.csv
STATE,STATE,6700 NEW FUNDED WITH POSITIONS _7 NYC-3K-END.csv
ZIP,ZIP,6700 NEW FUNDED WITH POSITIONS _7 NYC-3K-END.csv
REVENUE,REVENUE,6700 NEW FUNDED WITH POSITIONS _7 NYC-3K-END.csv
LENDER,LENDER,6700 NEW FUNDED WITH POSITIONS _7 NYC-3K-END.csv
AVG MONTHLY DEPOSITS,AVG MONTHLY DEPOSITS,6700 NEW FUNDED WITH POSITIONS _7 NYC-3K-END.csv
CURRENT POSITIONS,CURRENT POSITIONS,6700 NEW FUNDED WITH POSITIONS _7 NYC-3K-END.csv
APPROVED,APPROVED,6700 NEW FUNDED WITH POSITIONS _7 NYC-3K-END.csv
FIRST,FIRST,7000 mca aged with positions 3-6 months (1)_Sheet1.csv
LAST,LAST,7000 mca aged with positions 3-6 months (1)_Sheet1.csv
COMPANY,COMPANY,7000 mca aged with positions 3-6 months (1)_Sheet1.csv
PHONE,PHONE,7000 mca aged with positions 3-6 months (1)_Sheet1.csv
STREET,STREET,7000 mca aged with positions 3-6 months (1)_Sheet1.csv
CITY,CITY,7000 mca aged with positions 3-6 months (1)_Sheet1.csv
STATE,STATE,7000 mca aged with positions 3-6 months (1)_Sheet1.csv
ZIP,ZIP,7000 mca aged with positions 3-6 months (1)_Sheet1.csv
PHONE1,PHONE1,7000 mca aged with positions 3-6 months (1)_Sheet1.csv
PHONE2,PHONE2,7000 mca aged with positions 3-6 months (1)_Sheet1.csv
EMAIL,EMAIL,7000 mca aged with positions 3-6 months (1)_Sheet1.csv
BUSINESS TYPE,BUSINESS TYPE,7000 mca aged with positions 3-6 months (1)_Sheet1.csv
BUSINESS START DATE,BUSINESS START DATE,7000 mca aged with positions 3-6 months (1)_Sheet1.csv
OWNER NAME,OWNER NAME,7000 mca aged with positions 3-6 months (1)_Sheet1.csv
MONTHLY REVENUE,MONTHLY REVENUE,7000 mca aged with positions 3-6 months (1)_Sheet1.csv
PHONE,PHONE,7200 - NYC.12.11.24(2).csv
OWNER,OWNER,7200 - NYC.12.11.24(2).csv
BUSINESS,BUSINESS,7200 - NYC.12.11.24(2).csv
EMAIL,EMAIL,7200 - NYC.12.11.24(2).csv
ADDRESS,ADDRESS,7200 - NYC.12.11.24(2).csv
TIB,TIB,7200 - NYC.12.11.24(2).csv
MONTHLY REVENUE,MONTHLY REVENUE,7200 - NYC.12.11.24(2).csv
REQUESTED AMOUNT,REQUESTED AMOUNT,7200 - NYC.12.11.24(2).csv
USE OF FUNDS,USE OF FUNDS,7200 - NYC.12.11.24(2).csv
COMPANY,COMPANY,730 FIRE SUBS 15-45 DAYS -NEW PREMIUM (1)(2)_Sheet1.csv
PHONE,PHONE,730 FIRE SUBS 15-45 DAYS -NEW PREMIUM (1)(2)_Sheet1.csv
LINE TYPE,LINE TYPE,730 FIRE SUBS 15-45 DAYS -NEW PREMIUM (1)(2)_Sheet1.csv
EMAIL,EMAIL,730 FIRE SUBS 15-45 DAYS -NEW PREMIUM (1)(2)_Sheet1.csv
OWNER NAME,OWNER NAME,730 FIRE SUBS 15-45 DAYS -NEW PREMIUM (1)(2)_Sheet1.csv
ADDRESS,ADDRESS,730 FIRE SUBS 15-45 DAYS -NEW PREMIUM (1)(2)_Sheet1.csv
REVENUE,REVENUE,730 FIRE SUBS 15-45 DAYS -NEW PREMIUM (1)(2)_Sheet1.csv
NATDNC,NATDNC,730 FIRE SUBS 15-45 DAYS -NEW PREMIUM (1)(2)_Sheet1.csv
SECURED PARTY,SECURED PARTY,7400 Emails new(2)_Sheet1.csv
COMPANY NAME,COMPANY NAME,7400 Emails new(2)_Sheet1.csv
ADDRESS LINE 1,ADDRESS LINE 1,7400 Emails new(2)_Sheet1.csv
CITY,CITY,7400 Emails new(2)_Sheet1.csv
STATE,STATE,7400 Emails new(2)_Sheet1.csv
CONTACT NAME,CONTACT NAME,7400 Emails new(2)_Sheet1.csv
EMAIL,EMAIL,7400 Emails new(2)_Sheet1.csv
PHONE,PHONE,7400 Emails new(2)_Sheet1.csv
CLEAROUT VERIFICATION STATUS,CLEAROUT VERIFICATION STATUS,7400 Emails new(2)_Sheet1.csv
BUSINESS,BUSINESS,7453 - NYC.03.13.25(1).csv
TIB,TIB,7453 - NYC.03.13.25(1).csv
PHONE,PHONE,7453 - NYC.03.13.25(1).csv
PHONE 2,PHONE 2,7453 - NYC.03.13.25(1).csv
EMAIL,EMAIL,7453 - NYC.03.13.25(1).csv
OWNER,OWNER,7453 - NYC.03.13.25(1).csv
ADDRESS,ADDRESS,7453 - NYC.03.13.25(1).csv
CITY,CITY,7453 - NYC.03.13.25(1).csv
STATE,STATE,7453 - NYC.03.13.25(1).csv
ZIP,ZIP,7453 - NYC.03.13.25(1).csv
MONTHLY REVENUE,MONTHLY REVENUE,7453 - NYC.03.13.25(1).csv
OWNER NAME,OWNER NAME,75 apps (10-5-2024)_Sheet1.csv
BUSINESS NAME,BUSINESS NAME,75 apps (10-5-2024)_Sheet1.csv
CITY,CITY,75 apps (10-5-2024)_Sheet1.csv
STATE,STATE,75 apps (10-5-2024)_Sheet1.csv
ZIP,ZIP,75 apps (10-5-2024)_Sheet1.csv
BUSINESS START DATE,BUSINESS START DATE,75 apps (10-5-2024)_Sheet1.csv
EIN,EIN,75 apps (10-5-2024)_Sheet1.csv
MOBILE,MOBILE,75 apps (10-5-2024)_Sheet1.csv
EMAIL,EMAIL,75 apps (10-5-2024)_Sheet1.csv
SSN,SSN,75 apps (10-5-2024)_Sheet1.csv
DOB,DOB,75 apps (10-5-2024)_Sheet1.csv
DEPOSIT MONTHLY,DEPOSIT MONTHLY,75 apps (10-5-2024)_Sheet1.csv
COMPANY,COMPANY,75,000 MCA CELL PHONE LEADS 2024-ALL VALIDATED (1)_75k.csv
FIRST NAME,FIRST NAME,75,000 MCA CELL PHONE LEADS 2024-ALL VALIDATED (1)_75k.csv
LAST NAME,LAST NAME,75,000 MCA CELL PHONE LEADS 2024-ALL VALIDATED (1)_75k.csv
PHONE,PHONE,75,000 MCA CELL PHONE LEADS 2024-ALL VALIDATED (1)_75k.csv
STATE,STATE,75,000 MCA CELL PHONE LEADS 2024-ALL VALIDATED (1)_75k.csv
EMAIL,EMAIL,75,000 MCA CELL PHONE LEADS 2024-ALL VALIDATED (1)_75k.csv
CELL,CELL,75,000 MCA CELL PHONE LEADS 2024-ALL VALIDATED (1)_75k.csv
CARRIER,CARRIER,75,000 MCA CELL PHONE LEADS 2024-ALL VALIDATED (1)_75k.csv
PHONE VALIDATION,PHONE VALIDATION,75,000 MCA CELL PHONE LEADS 2024-ALL VALIDATED (1)_75k.csv
COMPANY,COMPANY,75,000 MCA CELL PHONE LEADS 2024-ALL VALIDATED (2)_75k.csv
FIRST NAME,FIRST NAME,75,000 MCA CELL PHONE LEADS 2024-ALL VALIDATED (2)_75k.csv
LAST NAME,LAST NAME,75,000 MCA CELL PHONE LEADS 2024-ALL VALIDATED (2)_75k.csv
PHONE,PHONE,75,000 MCA CELL PHONE LEADS 2024-ALL VALIDATED (2)_75k.csv
STATE,STATE,75,000 MCA CELL PHONE LEADS 2024-ALL VALIDATED (2)_75k.csv
EMAIL,EMAIL,75,000 MCA CELL PHONE LEADS 2024-ALL VALIDATED (2)_75k.csv
CELL,CELL,75,000 MCA CELL PHONE LEADS 2024-ALL VALIDATED (2)_75k.csv
CARRIER,CARRIER,75,000 MCA CELL PHONE LEADS 2024-ALL VALIDATED (2)_75k.csv
PHONE VALIDATION,PHONE VALIDATION,75,000 MCA CELL PHONE LEADS 2024-ALL VALIDATED (2)_75k.csv
NAME,NAME,750 SUBS 30-60 DAYS -NEW SOURCE (2)(1)(1)_Sheet1.csv
BUSINESS NAME,BUSINESS NAME,750 SUBS 30-60 DAYS -NEW SOURCE (2)(1)(1)_Sheet1.csv
PHONENUMBER,PHONENUMBER,750 SUBS 30-60 DAYS -NEW SOURCE (2)(1)(1)_Sheet1.csv
EMAIL,EMAIL,750 SUBS 30-60 DAYS -NEW SOURCE (2)(1)(1)_Sheet1.csv
BUSINESS LOCATION,BUSINESS LOCATION,750 SUBS 30-60 DAYS -NEW SOURCE (2)(1)(1)_Sheet1.csv
LOOKING AMOUNT (USD),LOOKING AMOUNT (USD),750 SUBS 30-60 DAYS -NEW SOURCE (2)(1)(1)_Sheet1.csv
MONTHLY BANK DEPOSIT (USD),MONTHLY BANK DEPOSIT (USD),750 SUBS 30-60 DAYS -NEW SOURCE (2)(1)(1)_Sheet1.csv
YEAR IN BUSINESS,YEAR IN BUSINESS,750 SUBS 30-60 DAYS -NEW SOURCE (2)(1)(1)_Sheet1.csv
BANKRUPTCY IN LAST 2 YEARS?,BANKRUPTCY IN LAST 2 YEARS?,750 SUBS 30-60 DAYS -NEW SOURCE (2)(1)(1)_Sheet1.csv
ANY CURRENT OUTSTANDING?,ANY CURRENT OUTSTANDING?,750 SUBS 30-60 DAYS -NEW SOURCE (2)(1)(1)_Sheet1.csv
PURPOSE OF FUNDING,PURPOSE OF FUNDING,750 SUBS 30-60 DAYS -NEW SOURCE (2)(1)(1)_Sheet1.csv
CREDIT SCORE,CREDIT SCORE,750 SUBS 30-60 DAYS -NEW SOURCE (2)(1)(1)_Sheet1.csv
FUNDING IS NEEDED IN:,FUNDING IS NEEDED IN:,750 SUBS 30-60 DAYS -NEW SOURCE (2)(1)(1)_Sheet1.csv
BUSINESS NAMES,BUSINESS NAMES,78 leads 6-8-2024(2)(1)_Sheet1.csv
BUSINESS START DATE,BUSINESS START DATE,78 leads 6-8-2024(2)(1)_Sheet1.csv
EIN,EIN,78 leads 6-8-2024(2)(1)_Sheet1.csv
MOBILE,MOBILE,78 leads 6-8-2024(2)(1)_Sheet1.csv
EMAIL,EMAIL,78 leads 6-8-2024(2)(1)_Sheet1.csv
OWNER NAME,OWNER NAME,78 leads 6-8-2024(2)(1)_Sheet1.csv
BIRTH DATE,BIRTH DATE,78 leads 6-8-2024(2)(1)_Sheet1.csv
STATE,STATE,78 leads 6-8-2024(2)(1)_Sheet1.csv
MONTHLY REVENUE,MONTHLY REVENUE,78 leads 6-8-2024(2)(1)_Sheet1.csv
COMPANY NAME,COMPANY NAME,8,000 UCC LEADS (30 days old) 2023(7)_Sheet1.csv
CONTACT NAME,CONTACT NAME,8,000 UCC LEADS (30 days old) 2023(7)_Sheet1.csv
CONTACT TITLE CODE,CONTACT TITLE CODE,8,000 UCC LEADS (30 days old) 2023(7)_Sheet1.csv
MAILING ADDRESS,MAILING ADDRESS,8,000 UCC LEADS (30 days old) 2023(7)_Sheet1.csv
MAIL CITY NAME,MAIL CITY NAME,8,000 UCC LEADS (30 days old) 2023(7)_Sheet1.csv
MAIL STATE ABBREV,MAIL STATE ABBREV,8,000 UCC LEADS (30 days old) 2023(7)_Sheet1.csv
MAIL ZIP MERGE,MAIL ZIP MERGE,8,000 UCC LEADS (30 days old) 2023(7)_Sheet1.csv
PHONE NUMBER,PHONE NUMBER,8,000 UCC LEADS (30 days old) 2023(7)_Sheet1.csv
PRIMARY SIC CODE,PRIMARY SIC CODE,8,000 UCC LEADS (30 days old) 2023(7)_Sheet1.csv
PRIMARY SIC DESC,PRIMARY SIC DESC,8,000 UCC LEADS (30 days old) 2023(7)_Sheet1.csv
DELIVERY POINT BARCODE,DELIVERY POINT BARCODE,8,000 UCC LEADS (30 days old) 2023(7)_Sheet1.csv
SALES VOLUME,SALES VOLUME,8,000 UCC LEADS (30 days old) 2023(7)_Sheet1.csv
EMPLOYEE SIZE,EMPLOYEE SIZE,8,000 UCC LEADS (30 days old) 2023(7)_Sheet1.csv
FILING DAY,FILING DAY,8,000 UCC LEADS (30 days old) 2023(7)_Sheet1.csv
FILING MONTH,FILING MONTH,8,000 UCC LEADS (30 days old) 2023(7)_Sheet1.csv
FILING YEAR,FILING YEAR,8,000 UCC LEADS (30 days old) 2023(7)_Sheet1.csv
SEC PARTYNAME,SEC PARTYNAME,8,000 UCC LEADS (30 days old) 2023(7)_Sheet1.csv
FIRSTNAME,FIRSTNAME,8,000 UCC LEADS (30 days old) 2023(7)_Sheet1.csv
LASTNAME,LASTNAME,8,000 UCC LEADS (30 days old) 2023(7)_Sheet1.csv
BUSINESS NAME,BUSINESS NAME,80 leads - 11 July 2024(3)_Sheet1.csv
BUSINESS START DATE,BUSINESS START DATE,80 leads - 11 July 2024(3)_Sheet1.csv
EIN,EIN,80 leads - 11 July 2024(3)_Sheet1.csv
MOBILE,MOBILE,80 leads - 11 July 2024(3)_Sheet1.csv
EMAIL,EMAIL,80 leads - 11 July 2024(3)_Sheet1.csv
OWNER NAME,OWNER NAME,80 leads - 11 July 2024(3)_Sheet1.csv
BIRTH DATE,BIRTH DATE,80 leads - 11 July 2024(3)_Sheet1.csv
STATE,STATE,80 leads - 11 July 2024(3)_Sheet1.csv
PHONE1,PHONE1,8010-MCA drop calls u10d w revenue for info@proleadsnyc.com 5-26-2023-in house .xlsx - Sheet1.csv
FIRSTNAME,FIRSTNAME,8010-MCA drop calls u10d w revenue for info@proleadsnyc.com 5-26-2023-in house .xlsx - Sheet1.csv
LASTNAME,LASTNAME,8010-MCA drop calls u10d w revenue for info@proleadsnyc.com 5-26-2023-in house .xlsx - Sheet1.csv
ADDRESS1,ADDRESS1,8010-MCA drop calls u10d w revenue for info@proleadsnyc.com 5-26-2023-in house .xlsx - Sheet1.csv
CITY,CITY,8010-MCA drop calls u10d w revenue for info@proleadsnyc.com 5-26-2023-in house .xlsx - Sheet1.csv
STATE,STATE,8010-MCA drop calls u10d w revenue for info@proleadsnyc.com 5-26-2023-in house .xlsx - Sheet1.csv
ZIP,ZIP,8010-MCA drop calls u10d w revenue for info@proleadsnyc.com 5-26-2023-in house .xlsx - Sheet1.csv
EMAIL,EMAIL,8010-MCA drop calls u10d w revenue for info@proleadsnyc.com 5-26-2023-in house .xlsx - Sheet1.csv
COMPANY,COMPANY,8010-MCA drop calls u10d w revenue for info@proleadsnyc.com 5-26-2023-in house .xlsx - Sheet1.csv
AMOUNT,AMOUNT,8010-MCA drop calls u10d w revenue for info@proleadsnyc.com 5-26-2023-in house .xlsx - Sheet1.csv
REVENUE,REVENUE,8010-MCA drop calls u10d w revenue for info@proleadsnyc.com 5-26-2023-in house .xlsx - Sheet1.csv
BUSINESSNAME,BUSINESSNAME,82-JULY_82.csv
INDUSTRY,INDUSTRY,82-JULY_82.csv
DATEBUSINESSSTARTED,DATEBUSINESSSTARTED,82-JULY_82.csv
FEDERALTAXID,FEDERALTAXID,82-JULY_82.csv
CELLPHONE,CELLPHONE,82-JULY_82.csv
BUSINESSPHONE,BUSINESSPHONE,82-JULY_82.csv
EMAIL,EMAIL,82-JULY_82.csv
SSN,SSN,82-JULY_82.csv
OWNERFULLNAME,OWNERFULLNAME,82-JULY_82.csv
DATEOFBIRTH,DATEOFBIRTH,82-JULY_82.csv
ADDRESS,ADDRESS,82-JULY_82.csv
CITY,CITY,82-JULY_82.csv
STATE,STATE,82-JULY_82.csv
ZIP,ZIP,82-JULY_82.csv
BUSINESSMONTHLYREVENUE,BUSINESSMONTHLYREVENUE,82-JULY_82.csv
CREDITSCORE,CREDITSCORE,82-JULY_82.csv
BUSINESS NAME,BUSINESS NAME,8-3-2024 61_Sheet1.csv
BUSINESS START DATE,BUSINESS START DATE,8-3-2024 61_Sheet1.csv
EIN,EIN,8-3-2024 61_Sheet1.csv
MOBILE,MOBILE,8-3-2024 61_Sheet1.csv
EMAIL,EMAIL,8-3-2024 61_Sheet1.csv
OWNER NAME,OWNER NAME,8-3-2024 61_Sheet1.csv
BIRTH DATE,BIRTH DATE,8-3-2024 61_Sheet1.csv
STATE,STATE,8-3-2024 61_Sheet1.csv
MONTHLY REVENUE,MONTHLY REVENUE,8-3-2024 61_Sheet1.csv
COMPANY,COMPANY,850 app info less than 30 days _Sheet1.csv
OWNER,OWNER,850 app info less than 30 days _Sheet1.csv
CELLPHONE,CELLPHONE,850 app info less than 30 days _Sheet1.csv
BUSINESSPHONE,BUSINESSPHONE,850 app info less than 30 days _Sheet1.csv
ALTPHONE,ALTPHONE,850 app info less than 30 days _Sheet1.csv
EMAIL,EMAIL,850 app info less than 30 days _Sheet1.csv
INDUSTRY,INDUSTRY,850 app info less than 30 days _Sheet1.csv
DATEBUSINESSSTARTED,DATEBUSINESSSTARTED,850 app info less than 30 days _Sheet1.csv
ADDRESS,ADDRESS,850 app info less than 30 days _Sheet1.csv
CITY,CITY,850 app info less than 30 days _Sheet1.csv
STATE,STATE,850 app info less than 30 days _Sheet1.csv
ZIP,ZIP,850 app info less than 30 days _Sheet1.csv
MONTHLY REVENUE,MONTHLY REVENUE,850 app info less than 30 days _Sheet1.csv
FIRST NAME,FIRST NAME,8K Funded Deals(3)_2_Sheet1.csv
LAST NAME,LAST NAME,8K Funded Deals(3)_2_Sheet1.csv
"﻿""MOBILE PHONE""","﻿""MOBILE PHONE""",8K Funded Deals(3)_2_Sheet1.csv
EMAIL,EMAIL,8K Funded Deals(3)_2_Sheet1.csv
COMPANY,COMPANY,8K Funded Deals(3)_2_Sheet1.csv
REVENUE,REVENUE,8K Funded Deals(3)_2_Sheet1.csv
AMOUNT FUNDED,AMOUNT FUNDED,8K Funded Deals(3)_2_Sheet1.csv
CREDIT SCORE,CREDIT SCORE,8K Funded Deals(3)_2_Sheet1.csv
LINE TYPE,LINE TYPE,8K Funded Deals(3)_2_Sheet1.csv
EMAIL STATUS,EMAIL STATUS,8K Funded Deals(3)_2_Sheet1.csv
FIRST NAME,FIRST NAME,8K Funded Deals(3)_Sheet1.csv
LAST NAME,LAST NAME,8K Funded Deals(3)_Sheet1.csv
"﻿""MOBILE PHONE""","﻿""MOBILE PHONE""",8K Funded Deals(3)_Sheet1.csv
EMAIL,EMAIL,8K Funded Deals(3)_Sheet1.csv
COMPANY,COMPANY,8K Funded Deals(3)_Sheet1.csv
REVENUE,REVENUE,8K Funded Deals(3)_Sheet1.csv
AMOUNT FUNDED,AMOUNT FUNDED,8K Funded Deals(3)_Sheet1.csv
CREDIT SCORE,CREDIT SCORE,8K Funded Deals(3)_Sheet1.csv
LINE TYPE,LINE TYPE,8K Funded Deals(3)_Sheet1.csv
EMAIL STATUS,EMAIL STATUS,8K Funded Deals(3)_Sheet1.csv
COMPANY NAME,COMPANY NAME,9,735 MCA FUNDED LEADS 2k23(1)_Sheet1.csv
FIRST NAME,FIRST NAME,9,735 MCA FUNDED LEADS 2k23(1)_Sheet1.csv
LAST NAME,LAST NAME,9,735 MCA FUNDED LEADS 2k23(1)_Sheet1.csv
FUNDED AMOUNT,FUNDED AMOUNT,9,735 MCA FUNDED LEADS 2k23(1)_Sheet1.csv
PHONE,PHONE,9,735 MCA FUNDED LEADS 2k23(1)_Sheet1.csv
FICO SCORE,FICO SCORE,9,735 MCA FUNDED LEADS 2k23(1)_Sheet1.csv
EMAIL,EMAIL,9,735 MCA FUNDED LEADS 2k23(1)_Sheet1.csv
COMPANY NAME,COMPANY NAME,9,735 MCA FUNDED LEADS 2k23(3)_Sheet1.csv
FIRST NAME,FIRST NAME,9,735 MCA FUNDED LEADS 2k23(3)_Sheet1.csv
LAST NAME,LAST NAME,9,735 MCA FUNDED LEADS 2k23(3)_Sheet1.csv
FUNDED AMOUNT,FUNDED AMOUNT,9,735 MCA FUNDED LEADS 2k23(3)_Sheet1.csv
PHONE,PHONE,9,735 MCA FUNDED LEADS 2k23(3)_Sheet1.csv
FICO SCORE,FICO SCORE,9,735 MCA FUNDED LEADS 2k23(3)_Sheet1.csv
EMAIL,EMAIL,9,735 MCA FUNDED LEADS 2k23(3)_Sheet1.csv
COMPANY NAME,COMPANY NAME,9,735 MCA FUNDED LEADS 2k23_Sheet1.csv
FIRST NAME,FIRST NAME,9,735 MCA FUNDED LEADS 2k23_Sheet1.csv
LAST NAME,LAST NAME,9,735 MCA FUNDED LEADS 2k23_Sheet1.csv
FUNDED AMOUNT,FUNDED AMOUNT,9,735 MCA FUNDED LEADS 2k23_Sheet1.csv
PHONE,PHONE,9,735 MCA FUNDED LEADS 2k23_Sheet1.csv
FICO SCORE,FICO SCORE,9,735 MCA FUNDED LEADS 2k23_Sheet1.csv
EMAIL,EMAIL,9,735 MCA FUNDED LEADS 2k23_Sheet1.csv
﻿INDUSTRY,﻿INDUSTRY,9_30_2020 DATA (53).csv
STATE,STATE,9_30_2020 DATA (53).csv
BUSINESSMONTHLYREVENUE,BUSINESSMONTHLYREVENUE,9_30_2020 DATA (53).csv
ADDRESS,ADDRESS,9_30_2020 DATA (53).csv
CITY,CITY,9_30_2020 DATA (53).csv
ZIP,ZIP,9_30_2020 DATA (53).csv
PHONENUMBER,PHONENUMBER,9_30_2020 DATA (53).csv
BUSINESSNAME,BUSINESSNAME,9_30_2020 DATA (53).csv
FEDERALTAXID,FEDERALTAXID,9_30_2020 DATA (53).csv
DATEBUSINESSSTARTED,DATEBUSINESSSTARTED,9_30_2020 DATA (53).csv
EMAIL,EMAIL,9_30_2020 DATA (53).csv
OWNERNAME,OWNERNAME,9_30_2020 DATA (53).csv
CREDITSCORE,CREDITSCORE,9_30_2020 DATA (53).csv
BUSINESS NAME,BUSINESS NAME,9-22-2020 (30) DATA.csv
BUSINESS TYPE,BUSINESS TYPE,9-22-2020 (30) DATA.csv
BUSINESS START DATE,BUSINESS START DATE,9-22-2020 (30) DATA.csv
EIN,EIN,9-22-2020 (30) DATA.csv
ADDRESS STREET,ADDRESS STREET,9-22-2020 (30) DATA.csv
OWNER NAME,OWNER NAME,9-22-2020 (30) DATA.csv
PHONE,PHONE,9-22-2020 (30) DATA.csv
EMAIL,EMAIL,9-22-2020 (30) DATA.csv
CITY,CITY,9-22-2020 (30) DATA.csv
STATE,STATE,9-22-2020 (30) DATA.csv
ZIP,ZIP,9-22-2020 (30) DATA.csv
CREDIT SCORE,CREDIT SCORE,9-22-2020 (30) DATA.csv
MONTHLY REVENUE,MONTHLY REVENUE,9-22-2020 (30) DATA.csv
BUSINESS NAME,BUSINESS NAME,9-23-2020 (53) DATA.csv
BUSINESS TYPE,BUSINESS TYPE,9-23-2020 (53) DATA.csv
BUSINESS START DATE,BUSINESS START DATE,9-23-2020 (53) DATA.csv
EIN,EIN,9-23-2020 (53) DATA.csv
OWNER NAME,OWNER NAME,9-23-2020 (53) DATA.csv
PHONE,PHONE,9-23-2020 (53) DATA.csv
EMAIL,EMAIL,9-23-2020 (53) DATA.csv
ADDRESS STREET,ADDRESS STREET,9-23-2020 (53) DATA.csv
CITY,CITY,9-23-2020 (53) DATA.csv
STATE,STATE,9-23-2020 (53) DATA.csv
ZIP,ZIP,9-23-2020 (53) DATA.csv
CREDIT SCORE,CREDIT SCORE,9-23-2020 (53) DATA.csv
MONTHLY REVENUE,MONTHLY REVENUE,9-23-2020 (53) DATA.csv
BUSINESS NAME,BUSINESS NAME,94 leads 25th June 2024(1)_Sheet1.csv
BUSINESS START DATE,BUSINESS START DATE,94 leads 25th June 2024(1)_Sheet1.csv
EIN,EIN,94 leads 25th June 2024(1)_Sheet1.csv
MOBILE,MOBILE,94 leads 25th June 2024(1)_Sheet1.csv
EMAIL,EMAIL,94 leads 25th June 2024(1)_Sheet1.csv
OWNER NAME,OWNER NAME,94 leads 25th June 2024(1)_Sheet1.csv
BIRTH DATE,BIRTH DATE,94 leads 25th June 2024(1)_Sheet1.csv
STATE,STATE,94 leads 25th June 2024(1)_Sheet1.csv
COMPANY NAME,COMPANY NAME,9k mca funded triggers last quarter _Sheet1.csv
FIRST NAME,FIRST NAME,9k mca funded triggers last quarter _Sheet1.csv
LAST NAME,LAST NAME,9k mca funded triggers last quarter _Sheet1.csv
CELL PHONE,CELL PHONE,9k mca funded triggers last quarter _Sheet1.csv
ADDRESS,ADDRESS,9k mca funded triggers last quarter _Sheet1.csv
CITY,CITY,9k mca funded triggers last quarter _Sheet1.csv
STATE,STATE,9k mca funded triggers last quarter _Sheet1.csv
ZIP,ZIP,9k mca funded triggers last quarter _Sheet1.csv
FIRST NAME,FIRST NAME,A list Lender Submissions 2(2)_2_Submissions.csv
LAST NAME,LAST NAME,A list Lender Submissions 2(2)_2_Submissions.csv
COMPANY,COMPANY,A list Lender Submissions 2(2)_2_Submissions.csv
MOBILE PHONE NUMBER,MOBILE PHONE NUMBER,A list Lender Submissions 2(2)_2_Submissions.csv
EMAIL,EMAIL,A list Lender Submissions 2(2)_2_Submissions.csv
MONTHLY REVENUE,MONTHLY REVENUE,A list Lender Submissions 2(2)_2_Submissions.csv
DATE BUSINESS STARTED,DATE BUSINESS STARTED,A list Lender Submissions 2(2)_2_Submissions.csv
FIRST NAME,FIRST NAME,A list Lender Submissions 2(2)_Submissions.csv
LAST NAME,LAST NAME,A list Lender Submissions 2(2)_Submissions.csv
COMPANY,COMPANY,A list Lender Submissions 2(2)_Submissions.csv
MOBILE PHONE NUMBER,MOBILE PHONE NUMBER,A list Lender Submissions 2(2)_Submissions.csv
EMAIL,EMAIL,A list Lender Submissions 2(2)_Submissions.csv
MONTHLY REVENUE,MONTHLY REVENUE,A list Lender Submissions 2(2)_Submissions.csv
DATE BUSINESS STARTED,DATE BUSINESS STARTED,A list Lender Submissions 2(2)_Submissions.csv
FIRST NAME,FIRST NAME,A list Lender Submissions 3(1)_Sheet1.csv
LAST NAME,LAST NAME,A list Lender Submissions 3(1)_Sheet1.csv
COMPANY,COMPANY,A list Lender Submissions 3(1)_Sheet1.csv
MOBILE PHONE NUMBER,MOBILE PHONE NUMBER,A list Lender Submissions 3(1)_Sheet1.csv
BUSINESS PHONE,BUSINESS PHONE,A list Lender Submissions 3(1)_Sheet1.csv
EMAIL,EMAIL,A list Lender Submissions 3(1)_Sheet1.csv
STATE,STATE,A list Lender Submissions 3(1)_Sheet1.csv
DATE BUSINESS STARTED,DATE BUSINESS STARTED,A list Lender Submissions 3(1)_Sheet1.csv
MONTHLY REVENUE,MONTHLY REVENUE,A list Lender Submissions 3(1)_Sheet1.csv
TAX ID,TAX ID,A list Lender Submissions 3(1)_Sheet1.csv
FIRST NAME,FIRST NAME,A list Subs 04-18(1)_Sheet1.csv
LAST NAME,LAST NAME,A list Subs 04-18(1)_Sheet1.csv
PHONE NUMBER,PHONE NUMBER,A list Subs 04-18(1)_Sheet1.csv
NUMBERTYPE,NUMBERTYPE,A list Subs 04-18(1)_Sheet1.csv
NETWORKTYPE,NETWORKTYPE,A list Subs 04-18(1)_Sheet1.csv
PHONE2,PHONE2,A list Subs 04-18(1)_Sheet1.csv
COMPANY,COMPANY,A list Subs 04-18(1)_Sheet1.csv
EMAIL,EMAIL,A list Subs 04-18(1)_Sheet1.csv
STATE,STATE,A list Subs 04-18(1)_Sheet1.csv
BUSINESS START DATE,BUSINESS START DATE,A list Subs 04-18(1)_Sheet1.csv
MONTHLY REVENUE,MONTHLY REVENUE,A list Subs 04-18(1)_Sheet1.csv
FIRST NAME,FIRST NAME,A LIST SUBS 90-180 DAYS_Sheet1.csv
LAST NAME,LAST NAME,A LIST SUBS 90-180 DAYS_Sheet1.csv
EMAIL,EMAIL,A LIST SUBS 90-180 DAYS_Sheet1.csv
COMPANY,COMPANY,A LIST SUBS 90-180 DAYS_Sheet1.csv
MOBILE NUMBER,MOBILE NUMBER,A LIST SUBS 90-180 DAYS_Sheet1.csv
STATE,STATE,A LIST SUBS 90-180 DAYS_Sheet1.csv
MONTHLY REVENUE,MONTHLY REVENUE,A LIST SUBS 90-180 DAYS_Sheet1.csv
FIRST NAME,FIRST NAME,Aged A list Submissions(1)_Sheet1.csv
LAST NAME,LAST NAME,Aged A list Submissions(1)_Sheet1.csv
MOBILE NUMBER,MOBILE NUMBER,Aged A list Submissions(1)_Sheet1.csv
PHONE 2,PHONE 2,Aged A list Submissions(1)_Sheet1.csv
PHONE 3,PHONE 3,Aged A list Submissions(1)_Sheet1.csv
COMPANY,COMPANY,Aged A list Submissions(1)_Sheet1.csv
EMAIL,EMAIL,Aged A list Submissions(1)_Sheet1.csv
STATE,STATE,Aged A list Submissions(1)_Sheet1.csv
TAX ID,TAX ID,Aged A list Submissions(1)_Sheet1.csv
DATE BUSINESS STARTED,DATE BUSINESS STARTED,Aged A list Submissions(1)_Sheet1.csv
MONTHLY REVENUE,MONTHLY REVENUE,Aged A list Submissions(1)_Sheet1.csv
FIRST NAME,FIRST NAME,Aged Submission Leads(11)_Aged Leads.csv
LAST NAME,LAST NAME,Aged Submission Leads(11)_Aged Leads.csv
EMAIL,EMAIL,Aged Submission Leads(11)_Aged Leads.csv
PHONE 1,PHONE 1,Aged Submission Leads(11)_Aged Leads.csv
DBA,DBA,Aged Submission Leads(11)_Aged Leads.csv
START DATE,START DATE,Aged Submission Leads(11)_Aged Leads.csv
ANNUAL GROSS,ANNUAL GROSS,Aged Submission Leads(11)_Aged Leads.csv
BUSINESS,BUSINESS,AGED.FA.NYC.061825.csv
TIB,TIB,AGED.FA.NYC.061825.csv
EMAIL,EMAIL,AGED.FA.NYC.061825.csv
BUSINESS,BUSINESS,AGED.FA.NYC.061825.csv
ADDRESS,ADDRESS,AGED.FA.NYC.061825.csv
STATE,STATE,AGED.FA.NYC.061825.csv
MONTHLY REVENUE,MONTHLY REVENUE,AGED.FA.NYC.061825.csv
PHONE,PHONE,AGED.FA.NYC.061825.csv
LINE TYPE,LINE TYPE,AGED.FA.NYC.061825.csv
PHONE 2,PHONE 2,AGED.FA.NYC.061825.csv
PHONE 2 LINE TYPE,PHONE 2 LINE TYPE,AGED.FA.NYC.061825.csv
BUSINESS NAME,BUSINESS NAME,App-oct 67_Sheet1.csv
INDUSTRY,INDUSTRY,App-oct 67_Sheet1.csv
BUSINESS START DATE,BUSINESS START DATE,App-oct 67_Sheet1.csv
FEDERAL ID,FEDERAL ID,App-oct 67_Sheet1.csv
MOBILE,MOBILE,App-oct 67_Sheet1.csv
PHONE,PHONE,App-oct 67_Sheet1.csv
EMAIL,EMAIL,App-oct 67_Sheet1.csv
SSN,SSN,App-oct 67_Sheet1.csv
FULL NAME,FULL NAME,App-oct 67_Sheet1.csv
BIRTH DATE,BIRTH DATE,App-oct 67_Sheet1.csv
ADDRESS,ADDRESS,App-oct 67_Sheet1.csv
CITY,CITY,App-oct 67_Sheet1.csv
STATE,STATE,App-oct 67_Sheet1.csv
ZIP,ZIP,App-oct 67_Sheet1.csv
MONTHLY REVENUE,MONTHLY REVENUE,App-oct 67_Sheet1.csv
BUSINESS NAMES,BUSINESS NAMES,AUGUST_Sheet1.csv
BUSINESS TYPE,BUSINESS TYPE,AUGUST_Sheet1.csv
BUSINESS START DATE,BUSINESS START DATE,AUGUST_Sheet1.csv
EIN,EIN,AUGUST_Sheet1.csv
MOBILE,MOBILE,AUGUST_Sheet1.csv
PHONE,PHONE,AUGUST_Sheet1.csv
EMAIL,EMAIL,AUGUST_Sheet1.csv
SSN,SSN,AUGUST_Sheet1.csv
OWNER NAME,OWNER NAME,AUGUST_Sheet1.csv
BIRTH DATE,BIRTH DATE,AUGUST_Sheet1.csv
ADDRESS STREET,ADDRESS STREET,AUGUST_Sheet1.csv
CITY,CITY,AUGUST_Sheet1.csv
STATE,STATE,AUGUST_Sheet1.csv
ZIP,ZIP,AUGUST_Sheet1.csv
MONTHLY REVENUE,MONTHLY REVENUE,AUGUST_Sheet1.csv
BUSINESS NAMES,BUSINESS NAMES,Copy of 332 week of aug 28-sep 4th(2)(2)(1)_Sheet1.csv
BUSINESS TYPE,BUSINESS TYPE,Copy of 332 week of aug 28-sep 4th(2)(2)(1)_Sheet1.csv
BUSINESS START DATE,BUSINESS START DATE,Copy of 332 week of aug 28-sep 4th(2)(2)(1)_Sheet1.csv
EIN,EIN,Copy of 332 week of aug 28-sep 4th(2)(2)(1)_Sheet1.csv
MOBILE,MOBILE,Copy of 332 week of aug 28-sep 4th(2)(2)(1)_Sheet1.csv
PHONE,PHONE,Copy of 332 week of aug 28-sep 4th(2)(2)(1)_Sheet1.csv
EMAIL,EMAIL,Copy of 332 week of aug 28-sep 4th(2)(2)(1)_Sheet1.csv
SSN,SSN,Copy of 332 week of aug 28-sep 4th(2)(2)(1)_Sheet1.csv
OWNER NAME,OWNER NAME,Copy of 332 week of aug 28-sep 4th(2)(2)(1)_Sheet1.csv
BIRTH DATE,BIRTH DATE,Copy of 332 week of aug 28-sep 4th(2)(2)(1)_Sheet1.csv
ADDRESS STREET,ADDRESS STREET,Copy of 332 week of aug 28-sep 4th(2)(2)(1)_Sheet1.csv
CITY,CITY,Copy of 332 week of aug 28-sep 4th(2)(2)(1)_Sheet1.csv
STATE,STATE,Copy of 332 week of aug 28-sep 4th(2)(2)(1)_Sheet1.csv
ZIP,ZIP,Copy of 332 week of aug 28-sep 4th(2)(2)(1)_Sheet1.csv
MONTHLY REVENUE,MONTHLY REVENUE,Copy of 332 week of aug 28-sep 4th(2)(2)(1)_Sheet1.csv
BUSINESS NAMES,BUSINESS NAMES,Copy of 332 week of aug 28-sep 4th(2)(2)_Sheet1.csv
BUSINESS TYPE,BUSINESS TYPE,Copy of 332 week of aug 28-sep 4th(2)(2)_Sheet1.csv
BUSINESS START DATE,BUSINESS START DATE,Copy of 332 week of aug 28-sep 4th(2)(2)_Sheet1.csv
EIN,EIN,Copy of 332 week of aug 28-sep 4th(2)(2)_Sheet1.csv
MOBILE,MOBILE,Copy of 332 week of aug 28-sep 4th(2)(2)_Sheet1.csv
PHONE,PHONE,Copy of 332 week of aug 28-sep 4th(2)(2)_Sheet1.csv
EMAIL,EMAIL,Copy of 332 week of aug 28-sep 4th(2)(2)_Sheet1.csv
SSN,SSN,Copy of 332 week of aug 28-sep 4th(2)(2)_Sheet1.csv
OWNER NAME,OWNER NAME,Copy of 332 week of aug 28-sep 4th(2)(2)_Sheet1.csv
BIRTH DATE,BIRTH DATE,Copy of 332 week of aug 28-sep 4th(2)(2)_Sheet1.csv
ADDRESS STREET,ADDRESS STREET,Copy of 332 week of aug 28-sep 4th(2)(2)_Sheet1.csv
CITY,CITY,Copy of 332 week of aug 28-sep 4th(2)(2)_Sheet1.csv
STATE,STATE,Copy of 332 week of aug 28-sep 4th(2)(2)_Sheet1.csv
ZIP,ZIP,Copy of 332 week of aug 28-sep 4th(2)(2)_Sheet1.csv
MONTHLY REVENUE,MONTHLY REVENUE,Copy of 332 week of aug 28-sep 4th(2)(2)_Sheet1.csv
CELLPHONE,CELLPHONE,David (11) 8-21-2023(1)(1)(1).csv
BUSINESSPHONE,BUSINESSPHONE,David (11) 8-21-2023(1)(1)(1).csv
ALTPHONE,ALTPHONE,David (11) 8-21-2023(1)(1)(1).csv
EMAIL,EMAIL,David (11) 8-21-2023(1)(1)(1).csv
BUSINESSNAME,BUSINESSNAME,David (11) 8-21-2023(1)(1)(1).csv
ADDRESS,ADDRESS,David (11) 8-21-2023(1)(1)(1).csv
CITY,CITY,David (11) 8-21-2023(1)(1)(1).csv
STATE,STATE,David (11) 8-21-2023(1)(1)(1).csv
ZIP,ZIP,David (11) 8-21-2023(1)(1)(1).csv
BUSINESSMONTHLYREVENUE,BUSINESSMONTHLYREVENUE,David (11) 8-21-2023(1)(1)(1).csv
CELLPHONE,CELLPHONE,David (11) 8-24-2023(1)(1)(1).csv
BUSINESSPHONE,BUSINESSPHONE,David (11) 8-24-2023(1)(1)(1).csv
ALTPHONE,ALTPHONE,David (11) 8-24-2023(1)(1)(1).csv
EMAIL,EMAIL,David (11) 8-24-2023(1)(1)(1).csv
BUSINESSNAME,BUSINESSNAME,David (11) 8-24-2023(1)(1)(1).csv
ADDRESS,ADDRESS,David (11) 8-24-2023(1)(1)(1).csv
CITY,CITY,David (11) 8-24-2023(1)(1)(1).csv
STATE,STATE,David (11) 8-24-2023(1)(1)(1).csv
ZIP,ZIP,David (11) 8-24-2023(1)(1)(1).csv
BUSINESSMONTHLYREVENUE,BUSINESSMONTHLYREVENUE,David (11) 8-24-2023(1)(1)(1).csv
BUSINESS,BUSINESS,FI - 0-4000 NYC.01.26.25(1).csv
TIB,TIB,FI - 0-4000 NYC.01.26.25(1).csv
PHONE,PHONE,FI - 0-4000 NYC.01.26.25(1).csv
LINE TYPE,LINE TYPE,FI - 0-4000 NYC.01.26.25(1).csv
PHONE 2,PHONE 2,FI - 0-4000 NYC.01.26.25(1).csv
EMAIL,EMAIL,FI - 0-4000 NYC.01.26.25(1).csv
OWNER,OWNER,FI - 0-4000 NYC.01.26.25(1).csv
ADDRESS,ADDRESS,FI - 0-4000 NYC.01.26.25(1).csv
CITY,CITY,FI - 0-4000 NYC.01.26.25(1).csv
STATE,STATE,FI - 0-4000 NYC.01.26.25(1).csv
ZIP,ZIP,FI - 0-4000 NYC.01.26.25(1).csv
MONTHLY REVENUE,MONTHLY REVENUE,FI - 0-4000 NYC.01.26.25(1).csv
TIMEZONE,TIMEZONE,FI - 0-4000 NYC.01.26.25(1).csv
FIRST NAME,FIRST NAME,Fresh A list Submissions-aug 300 test _Sheet1.csv
LAST NAME,LAST NAME,Fresh A list Submissions-aug 300 test _Sheet1.csv
EMAIL,EMAIL,Fresh A list Submissions-aug 300 test _Sheet1.csv
COMPANY,COMPANY,Fresh A list Submissions-aug 300 test _Sheet1.csv
MOBILE NUMBER,MOBILE NUMBER,Fresh A list Submissions-aug 300 test _Sheet1.csv
STATE,STATE,Fresh A list Submissions-aug 300 test _Sheet1.csv
MONTHLY REVENUE,MONTHLY REVENUE,Fresh A list Submissions-aug 300 test _Sheet1.csv
BUSINESS NAME,BUSINESS NAME,Fresh Decline Leads(3)(1)_Sheet1.csv
OWNER  NAME,OWNER  NAME,Fresh Decline Leads(3)(1)_Sheet1.csv
BUSINESS NUMBER 1,BUSINESS NUMBER 1,Fresh Decline Leads(3)(1)_Sheet1.csv
BUSINESS NUMBER 2,BUSINESS NUMBER 2,Fresh Decline Leads(3)(1)_Sheet1.csv
EMAIL,EMAIL,Fresh Decline Leads(3)(1)_Sheet1.csv
CREDIT SCORE,CREDIT SCORE,Fresh Decline Leads(3)(1)_Sheet1.csv
ESTIMATED ANNUAL REVENUE,ESTIMATED ANNUAL REVENUE,Fresh Decline Leads(3)(1)_Sheet1.csv
NAME,NAME,Funded Deals 07-19-23(1)(1)_Sheet1.csv
PHONE NUMBER,PHONE NUMBER,Funded Deals 07-19-23(1)(1)_Sheet1.csv
EMAIL,EMAIL,Funded Deals 07-19-23(1)(1)_Sheet1.csv
COMPANY,COMPANY,Funded Deals 07-19-23(1)(1)_Sheet1.csv
CREDIT SCORE,CREDIT SCORE,Funded Deals 07-19-23(1)(1)_Sheet1.csv
LOAN AMOUNT,LOAN AMOUNT,Funded Deals 07-19-23(1)(1)_Sheet1.csv
MONTHLY REVENUE,MONTHLY REVENUE,Funded Deals 07-19-23(1)(1)_Sheet1.csv
NAME,NAME,Funded Deals 1(3)_Sheet1.csv
PHONE NUMBER,PHONE NUMBER,Funded Deals 1(3)_Sheet1.csv
EMAIL,EMAIL,Funded Deals 1(3)_Sheet1.csv
COMPANY,COMPANY,Funded Deals 1(3)_Sheet1.csv
CREDIT SCORE,CREDIT SCORE,Funded Deals 1(3)_Sheet1.csv
MONTHLY REVENUE,MONTHLY REVENUE,Funded Deals 1(3)_Sheet1.csv
LINE TYPE,LINE TYPE,Funded Deals 1(3)_Sheet1.csv
INDUSTRY,INDUSTRY,Funded Deals 1(3)_Sheet1.csv
FIRST NAME,FIRST NAME,Funded Deals(1)_Sheet1.csv
LAST NAME,LAST NAME,Funded Deals(1)_Sheet1.csv
PHONE NUMBER,PHONE NUMBER,Funded Deals(1)_Sheet1.csv
COMPANY,COMPANY,Funded Deals(1)_Sheet1.csv
EMAIL,EMAIL,Funded Deals(1)_Sheet1.csv
REVENUE,REVENUE,Funded Deals(1)_Sheet1.csv
AMOUNT FUNDED,AMOUNT FUNDED,Funded Deals(1)_Sheet1.csv
FUNDED STATE,FUNDED STATE,Funded Deals(1)_Sheet1.csv
TERM LENGTH,TERM LENGTH,Funded Deals(1)_Sheet1.csv
COST OF CAP,COST OF CAP,Funded Deals(1)_Sheet1.csv
LINETYPE,LINETYPE,Funded Deals(1)_Sheet1.csv
NETWORKTYPE,NETWORKTYPE,Funded Deals(1)_Sheet1.csv
FIRST NAME,FIRST NAME,High rev Submissions 7-july 2024 _Sheet1.csv
LAST NAME,LAST NAME,High rev Submissions 7-july 2024 _Sheet1.csv
COMPANY,COMPANY,High rev Submissions 7-july 2024 _Sheet1.csv
MOBILE PHONE,MOBILE PHONE,High rev Submissions 7-july 2024 _Sheet1.csv
EMAIL,EMAIL,High rev Submissions 7-july 2024 _Sheet1.csv
REVENUE,REVENUE,High rev Submissions 7-july 2024 _Sheet1.csv
FIRST NAME,FIRST NAME,high rev subs -part 18-6500_Sheet1.csv
LAST NAME,LAST NAME,high rev subs -part 18-6500_Sheet1.csv
COMPANY,COMPANY,high rev subs -part 18-6500_Sheet1.csv
MOBILE PHONE,MOBILE PHONE,high rev subs -part 18-6500_Sheet1.csv
EMAIL,EMAIL,high rev subs -part 18-6500_Sheet1.csv
REVENUE,REVENUE,high rev subs -part 18-6500_Sheet1.csv
FIRST NAME,FIRST NAME,I.LNYC.040325-4000 FUNDED WITH POSITIONS 2025_I.LNYC.040325.csv
LAST NAME,LAST NAME,I.LNYC.040325-4000 FUNDED WITH POSITIONS 2025_I.LNYC.040325.csv
COMPANY,COMPANY,I.LNYC.040325-4000 FUNDED WITH POSITIONS 2025_I.LNYC.040325.csv
PHONE,PHONE,I.LNYC.040325-4000 FUNDED WITH POSITIONS 2025_I.LNYC.040325.csv
CITY,CITY,I.LNYC.040325-4000 FUNDED WITH POSITIONS 2025_I.LNYC.040325.csv
EMAIL,EMAIL,I.LNYC.040325-4000 FUNDED WITH POSITIONS 2025_I.LNYC.040325.csv
MONTHLY REV,MONTHLY REV,I.LNYC.040325-4000 FUNDED WITH POSITIONS 2025_I.LNYC.040325.csv
EIN,EIN,I.LNYC.040325-4000 FUNDED WITH POSITIONS 2025_I.LNYC.040325.csv
STATE,STATE,I.LNYC.040325-4000 FUNDED WITH POSITIONS 2025_I.LNYC.040325.csv
TIB,TIB,I.LNYC.040325-4000 FUNDED WITH POSITIONS 2025_I.LNYC.040325.csv
ZIP,ZIP,I.LNYC.040325-4000 FUNDED WITH POSITIONS 2025_I.LNYC.040325.csv
STREET ADDRESS,STREET ADDRESS,I.LNYC.040325-4000 FUNDED WITH POSITIONS 2025_I.LNYC.040325.csv
LINE TYPE,LINE TYPE,I.LNYC.040325-4000 FUNDED WITH POSITIONS 2025_I.LNYC.040325.csv
POSITION5,POSITION5,I.LNYC.040325-4000 FUNDED WITH POSITIONS 2025_I.LNYC.040325.csv
ANNUAL REV,ANNUAL REV,I.LNYC.040325-4000 FUNDED WITH POSITIONS 2025_I.LNYC.040325.csv
POSITION4,POSITION4,I.LNYC.040325-4000 FUNDED WITH POSITIONS 2025_I.LNYC.040325.csv
INDUSTRY,INDUSTRY,I.LNYC.040325-4000 FUNDED WITH POSITIONS 2025_I.LNYC.040325.csv
POSITION3,POSITION3,I.LNYC.040325-4000 FUNDED WITH POSITIONS 2025_I.LNYC.040325.csv
POSITION2,POSITION2,I.LNYC.040325-4000 FUNDED WITH POSITIONS 2025_I.LNYC.040325.csv
PHONE STATUS,PHONE STATUS,I.LNYC.040325-4000 FUNDED WITH POSITIONS 2025_I.LNYC.040325.csv
POSITION,POSITION,I.LNYC.040325-4000 FUNDED WITH POSITIONS 2025_I.LNYC.040325.csv
OWNER,OWNER,MCA App Alerts 5000 7.10.23 _ MCA App Alerts 5000 7.10.23 .csv
CELL,CELL,MCA App Alerts 5000 7.10.23 _ MCA App Alerts 5000 7.10.23 .csv
PHONE2,PHONE2,MCA App Alerts 5000 7.10.23 _ MCA App Alerts 5000 7.10.23 .csv
PHONE3,PHONE3,MCA App Alerts 5000 7.10.23 _ MCA App Alerts 5000 7.10.23 .csv
EMAIL,EMAIL,MCA App Alerts 5000 7.10.23 _ MCA App Alerts 5000 7.10.23 .csv
INDUSTRY TYPE,INDUSTRY TYPE,MCA App Alerts 5000 7.10.23 _ MCA App Alerts 5000 7.10.23 .csv
BIZ START DATE,BIZ START DATE,MCA App Alerts 5000 7.10.23 _ MCA App Alerts 5000 7.10.23 .csv
ADDRESS,ADDRESS,MCA App Alerts 5000 7.10.23 _ MCA App Alerts 5000 7.10.23 .csv
CITY,CITY,MCA App Alerts 5000 7.10.23 _ MCA App Alerts 5000 7.10.23 .csv
STATE,STATE,MCA App Alerts 5000 7.10.23 _ MCA App Alerts 5000 7.10.23 .csv
ZIP,ZIP,MCA App Alerts 5000 7.10.23 _ MCA App Alerts 5000 7.10.23 .csv
MONTHLY REVENUE,MONTHLY REVENUE,MCA App Alerts 5000 7.10.23 _ MCA App Alerts 5000 7.10.23 .csv
COMPANY,COMPANY,MCA APP INFO LESS THAN 30 DAYS -300_Sheet1.csv
OWNER,OWNER,MCA APP INFO LESS THAN 30 DAYS -300_Sheet1.csv
CELLPHONE,CELLPHONE,MCA APP INFO LESS THAN 30 DAYS -300_Sheet1.csv
BUSINESSPHONE,BUSINESSPHONE,MCA APP INFO LESS THAN 30 DAYS -300_Sheet1.csv
ALTPHONE,ALTPHONE,MCA APP INFO LESS THAN 30 DAYS -300_Sheet1.csv
EMAIL,EMAIL,MCA APP INFO LESS THAN 30 DAYS -300_Sheet1.csv
INDUSTRY,INDUSTRY,MCA APP INFO LESS THAN 30 DAYS -300_Sheet1.csv
DATEBUSINESSSTARTED,DATEBUSINESSSTARTED,MCA APP INFO LESS THAN 30 DAYS -300_Sheet1.csv
ADDRESS,ADDRESS,MCA APP INFO LESS THAN 30 DAYS -300_Sheet1.csv
CITY,CITY,MCA APP INFO LESS THAN 30 DAYS -300_Sheet1.csv
STATE,STATE,MCA APP INFO LESS THAN 30 DAYS -300_Sheet1.csv
ZIP,ZIP,MCA APP INFO LESS THAN 30 DAYS -300_Sheet1.csv
MONTHLY REVENUE,MONTHLY REVENUE,MCA APP INFO LESS THAN 30 DAYS -300_Sheet1.csv
MERCHANT VERIFIED FIRST NAME,MERCHANT VERIFIED FIRST NAME,MCA Calls Dialer Records 60days (10,014) _MCA Calls Dialer Records (10,01.csv
MERCHANT VERIFIED LAST NAME,MERCHANT VERIFIED LAST NAME,MCA Calls Dialer Records 60days (10,014) _MCA Calls Dialer Records (10,01.csv
PHONE NUMBER,PHONE NUMBER,MCA Calls Dialer Records 60days (10,014) _MCA Calls Dialer Records (10,01.csv
BUSINESS NAME,BUSINESS NAME,MCA Calls Dialer Records 60days (10,014) _MCA Calls Dialer Records (10,01.csv
YEARS IN BUSINESS,YEARS IN BUSINESS,MCA Calls Dialer Records 60days (10,014) _MCA Calls Dialer Records (10,01.csv
GROSS MONTHLY REVENUE,GROSS MONTHLY REVENUE,MCA Calls Dialer Records 60days (10,014) _MCA Calls Dialer Records (10,01.csv
USE OF FUNDS,USE OF FUNDS,MCA Calls Dialer Records 60days (10,014) _MCA Calls Dialer Records (10,01.csv
AMOUNT OF FUNDS NEEDED,AMOUNT OF FUNDS NEEDED,MCA Calls Dialer Records 60days (10,014) _MCA Calls Dialer Records (10,01.csv
FUNDING NEED?,FUNDING NEED?,MCA Calls Dialer Records 60days (10,014) _MCA Calls Dialer Records (10,01.csv
E-MAIL,E-MAIL,MCA Calls Dialer Records 60days (10,014) _MCA Calls Dialer Records (10,01.csv
BUSINESS NAME,BUSINESS NAME,mca Daily File Day May 5th-8th (1)_ Daily File Day 20.csv
OWNER 1,OWNER 1,mca Daily File Day May 5th-8th (1)_ Daily File Day 20.csv
D.O.B.,D.O.B.,mca Daily File Day May 5th-8th (1)_ Daily File Day 20.csv
MERCHANT EMAIL,MERCHANT EMAIL,mca Daily File Day May 5th-8th (1)_ Daily File Day 20.csv
BUSINESS PHONE,BUSINESS PHONE,mca Daily File Day May 5th-8th (1)_ Daily File Day 20.csv
ALT PHONE,ALT PHONE,mca Daily File Day May 5th-8th (1)_ Daily File Day 20.csv
EST. REVENUE,EST. REVENUE,mca Daily File Day May 5th-8th (1)_ Daily File Day 20.csv
BUSINESS NAME,BUSINESS NAME,mca Daily File Day May 5th-8th (1)_2_ Daily File Day 20.csv
OWNER 1,OWNER 1,mca Daily File Day May 5th-8th (1)_2_ Daily File Day 20.csv
D.O.B.,D.O.B.,mca Daily File Day May 5th-8th (1)_2_ Daily File Day 20.csv
MERCHANT EMAIL,MERCHANT EMAIL,mca Daily File Day May 5th-8th (1)_2_ Daily File Day 20.csv
BUSINESS PHONE,BUSINESS PHONE,mca Daily File Day May 5th-8th (1)_2_ Daily File Day 20.csv
ALT PHONE,ALT PHONE,mca Daily File Day May 5th-8th (1)_2_ Daily File Day 20.csv
EST. REVENUE,EST. REVENUE,mca Daily File Day May 5th-8th (1)_2_ Daily File Day 20.csv
PHONE1,PHONE1,MCA digi apps 2024 10,626_ MCA digi apps .csv
FIRSTNAME,FIRSTNAME,MCA digi apps 2024 10,626_ MCA digi apps .csv
LASTNAME,LASTNAME,MCA digi apps 2024 10,626_ MCA digi apps .csv
ADDRESS1,ADDRESS1,MCA digi apps 2024 10,626_ MCA digi apps .csv
CITY,CITY,MCA digi apps 2024 10,626_ MCA digi apps .csv
STATE,STATE,MCA digi apps 2024 10,626_ MCA digi apps .csv
ZIP,ZIP,MCA digi apps 2024 10,626_ MCA digi apps .csv
EMAIL,EMAIL,MCA digi apps 2024 10,626_ MCA digi apps .csv
COMPANY,COMPANY,MCA digi apps 2024 10,626_ MCA digi apps .csv
AMOUNT,AMOUNT,MCA digi apps 2024 10,626_ MCA digi apps .csv
REVENUE,REVENUE,MCA digi apps 2024 10,626_ MCA digi apps .csv
PHONE1,PHONE1,MCA DIGIAPPS LESS THAN 90 DAYS -13096_Sheet1.csv
FIRSTNAME,FIRSTNAME,MCA DIGIAPPS LESS THAN 90 DAYS -13096_Sheet1.csv
LASTNAME,LASTNAME,MCA DIGIAPPS LESS THAN 90 DAYS -13096_Sheet1.csv
ADDRESS1,ADDRESS1,MCA DIGIAPPS LESS THAN 90 DAYS -13096_Sheet1.csv
CITY,CITY,MCA DIGIAPPS LESS THAN 90 DAYS -13096_Sheet1.csv
STATE,STATE,MCA DIGIAPPS LESS THAN 90 DAYS -13096_Sheet1.csv
ZIP,ZIP,MCA DIGIAPPS LESS THAN 90 DAYS -13096_Sheet1.csv
EMAIL,EMAIL,MCA DIGIAPPS LESS THAN 90 DAYS -13096_Sheet1.csv
COMPANY,COMPANY,MCA DIGIAPPS LESS THAN 90 DAYS -13096_Sheet1.csv
AMOUNT,AMOUNT,MCA DIGIAPPS LESS THAN 90 DAYS -13096_Sheet1.csv
REVENUE,REVENUE,MCA DIGIAPPS LESS THAN 90 DAYS -13096_Sheet1.csv
COMPANY NAME,COMPANY NAME,MCA FUNDED TRIGGERS 4000-30-90 DAYS _Sheet1.csv
FIRST NAME,FIRST NAME,MCA FUNDED TRIGGERS 4000-30-90 DAYS _Sheet1.csv
LAST NAME,LAST NAME,MCA FUNDED TRIGGERS 4000-30-90 DAYS _Sheet1.csv
CELL PHONE,CELL PHONE,MCA FUNDED TRIGGERS 4000-30-90 DAYS _Sheet1.csv
ADDRESS,ADDRESS,MCA FUNDED TRIGGERS 4000-30-90 DAYS _Sheet1.csv
CITY,CITY,MCA FUNDED TRIGGERS 4000-30-90 DAYS _Sheet1.csv
STATE,STATE,MCA FUNDED TRIGGERS 4000-30-90 DAYS _Sheet1.csv
ZIP,ZIP,MCA FUNDED TRIGGERS 4000-30-90 DAYS _Sheet1.csv
FIRST NAME,FIRST NAME,MCA LANDING PAGE GOOGLE ADWORDS-6562 _Sheet1.csv
LAST NAME,LAST NAME,MCA LANDING PAGE GOOGLE ADWORDS-6562 _Sheet1.csv
COMPANY,COMPANY,MCA LANDING PAGE GOOGLE ADWORDS-6562 _Sheet1.csv
MOBILE PHONE,MOBILE PHONE,MCA LANDING PAGE GOOGLE ADWORDS-6562 _Sheet1.csv
EMAIL,EMAIL,MCA LANDING PAGE GOOGLE ADWORDS-6562 _Sheet1.csv
REVENUE,REVENUE,MCA LANDING PAGE GOOGLE ADWORDS-6562 _Sheet1.csv
MERCHANT FIRST NAME,MERCHANT FIRST NAME,MCA Lead 28,500 Microtalk Leads (90days) _MCA Lead 28,500 National Fundin.csv
MERCHANT LAST NAME,MERCHANT LAST NAME,MCA Lead 28,500 Microtalk Leads (90days) _MCA Lead 28,500 National Fundin.csv
VALID PHONE NUMBER,VALID PHONE NUMBER,MCA Lead 28,500 Microtalk Leads (90days) _MCA Lead 28,500 National Fundin.csv
BUSINESS NAME:,BUSINESS NAME:,MCA Lead 28,500 Microtalk Leads (90days) _MCA Lead 28,500 National Fundin.csv
YEARS IN BUSINESS:,YEARS IN BUSINESS:,MCA Lead 28,500 Microtalk Leads (90days) _MCA Lead 28,500 National Fundin.csv
AMOUNT REQUESTED:,AMOUNT REQUESTED:,MCA Lead 28,500 Microtalk Leads (90days) _MCA Lead 28,500 National Fundin.csv
MONTHLY GROSS,MONTHLY GROSS,MCA Lead 28,500 Microtalk Leads (90days) _MCA Lead 28,500 National Fundin.csv
EMAIL,EMAIL,MCA Lead 28,500 Microtalk Leads (90days) _MCA Lead 28,500 National Fundin.csv
COMPANY,COMPANY,mca optin for email blast _Sheet1.csv
FIRST NAME,FIRST NAME,mca optin for email blast _Sheet1.csv
LAST NAME,LAST NAME,mca optin for email blast _Sheet1.csv
EMAIL,EMAIL,mca optin for email blast _Sheet1.csv
STATE,STATE,mca optin for email blast _Sheet1.csv
FIRST_NAME,FIRST_NAME,nyc 5k mca app info funding inquiry 30-90 days _Sheet1.csv
LAST_NAME,LAST_NAME,nyc 5k mca app info funding inquiry 30-90 days _Sheet1.csv
COMPANY,COMPANY,nyc 5k mca app info funding inquiry 30-90 days _Sheet1.csv
PHONE,PHONE,nyc 5k mca app info funding inquiry 30-90 days _Sheet1.csv
EMAIL,EMAIL,nyc 5k mca app info funding inquiry 30-90 days _Sheet1.csv
STATE,STATE,nyc 5k mca app info funding inquiry 30-90 days _Sheet1.csv
LINE_TYPE,LINE_TYPE,nyc 5k mca app info funding inquiry 30-90 days _Sheet1.csv
BUSINESS NAME,BUSINESS NAME,on deck declines 30-90 days 6k(1)_Sheet1.csv
OWNER  NAME,OWNER  NAME,on deck declines 30-90 days 6k(1)_Sheet1.csv
BUSINESS NUMBER 1,BUSINESS NUMBER 1,on deck declines 30-90 days 6k(1)_Sheet1.csv
BUSINESS NUMBER 2,BUSINESS NUMBER 2,on deck declines 30-90 days 6k(1)_Sheet1.csv
EMAIL,EMAIL,on deck declines 30-90 days 6k(1)_Sheet1.csv
CREDIT SCORE,CREDIT SCORE,on deck declines 30-90 days 6k(1)_Sheet1.csv
ESTIMATED ANNUAL REVENUE,ESTIMATED ANNUAL REVENUE,on deck declines 30-90 days 6k(1)_Sheet1.csv
DATE_POST,DATE_POST,ORDER.  4492  FRESH 1-7 DAY MCA LEADS.  DAVE ROSS.  3.22.2023._Sheet1.csv
OPT_IN,OPT_IN,ORDER.  4492  FRESH 1-7 DAY MCA LEADS.  DAVE ROSS.  3.22.2023._Sheet1.csv
COMPANY,COMPANY,ORDER.  4492  FRESH 1-7 DAY MCA LEADS.  DAVE ROSS.  3.22.2023._Sheet1.csv
ADDRESS,ADDRESS,ORDER.  4492  FRESH 1-7 DAY MCA LEADS.  DAVE ROSS.  3.22.2023._Sheet1.csv
CITY,CITY,ORDER.  4492  FRESH 1-7 DAY MCA LEADS.  DAVE ROSS.  3.22.2023._Sheet1.csv
STATE,STATE,ORDER.  4492  FRESH 1-7 DAY MCA LEADS.  DAVE ROSS.  3.22.2023._Sheet1.csv
ZIP,ZIP,ORDER.  4492  FRESH 1-7 DAY MCA LEADS.  DAVE ROSS.  3.22.2023._Sheet1.csv
CONTACT,CONTACT,ORDER.  4492  FRESH 1-7 DAY MCA LEADS.  DAVE ROSS.  3.22.2023._Sheet1.csv
TITLE,TITLE,ORDER.  4492  FRESH 1-7 DAY MCA LEADS.  DAVE ROSS.  3.22.2023._Sheet1.csv
EMAIL,EMAIL,ORDER.  4492  FRESH 1-7 DAY MCA LEADS.  DAVE ROSS.  3.22.2023._Sheet1.csv
CELL_PHONE,CELL_PHONE,ORDER.  4492  FRESH 1-7 DAY MCA LEADS.  DAVE ROSS.  3.22.2023._Sheet1.csv
SOURCE_URL,SOURCE_URL,ORDER.  4492  FRESH 1-7 DAY MCA LEADS.  DAVE ROSS.  3.22.2023._Sheet1.csv
YEARS_IN_BUSINESS,YEARS_IN_BUSINESS,ORDER.  4492  FRESH 1-7 DAY MCA LEADS.  DAVE ROSS.  3.22.2023._Sheet1.csv
SALES,SALES,ORDER.  4492  FRESH 1-7 DAY MCA LEADS.  DAVE ROSS.  3.22.2023._Sheet1.csv
CREDIT_SCORE_EST,CREDIT_SCORE_EST,ORDER.  4492  FRESH 1-7 DAY MCA LEADS.  DAVE ROSS.  3.22.2023._Sheet1.csv
IP,IP,ORDER.  4492  FRESH 1-7 DAY MCA LEADS.  DAVE ROSS.  3.22.2023._Sheet1.csv
EMPLOYEES,EMPLOYEES,ORDER.  4492  FRESH 1-7 DAY MCA LEADS.  DAVE ROSS.  3.22.2023._Sheet1.csv
LOAN_REQUEST,LOAN_REQUEST,ORDER.  4492  FRESH 1-7 DAY MCA LEADS.  DAVE ROSS.  3.22.2023._Sheet1.csv
OPT_IN_2,OPT_IN_2,ORDER.  4492  FRESH 1-7 DAY MCA LEADS.  DAVE ROSS.  3.22.2023._Sheet1.csv
COMPANY NAME,COMPANY NAME,Pro Cash 5000 MCA Apps june 2025_Pro Cash 5000 MCA Apps .csv
OWNER,OWNER,Pro Cash 5000 MCA Apps june 2025_Pro Cash 5000 MCA Apps .csv
CELL,CELL,Pro Cash 5000 MCA Apps june 2025_Pro Cash 5000 MCA Apps .csv
PHONE2,PHONE2,Pro Cash 5000 MCA Apps june 2025_Pro Cash 5000 MCA Apps .csv
PHONE3,PHONE3,Pro Cash 5000 MCA Apps june 2025_Pro Cash 5000 MCA Apps .csv
EMAIL,EMAIL,Pro Cash 5000 MCA Apps june 2025_Pro Cash 5000 MCA Apps .csv
INDUSTRY TYPE,INDUSTRY TYPE,Pro Cash 5000 MCA Apps june 2025_Pro Cash 5000 MCA Apps .csv
BIZ START DATE,BIZ START DATE,Pro Cash 5000 MCA Apps june 2025_Pro Cash 5000 MCA Apps .csv
ADDRESS,ADDRESS,Pro Cash 5000 MCA Apps june 2025_Pro Cash 5000 MCA Apps .csv
CITY,CITY,Pro Cash 5000 MCA Apps june 2025_Pro Cash 5000 MCA Apps .csv
STATE,STATE,Pro Cash 5000 MCA Apps june 2025_Pro Cash 5000 MCA Apps .csv
ZIP,ZIP,Pro Cash 5000 MCA Apps june 2025_Pro Cash 5000 MCA Apps .csv
MONTHLY REVENUE,MONTHLY REVENUE,Pro Cash 5000 MCA Apps june 2025_Pro Cash 5000 MCA Apps .csv
BUSINESS NAME,BUSINESS NAME,Pro Cash Group 478 Leads with Positions 29JAN2025(1)(2)_Pro Cash Group 478 Leads with P.csv
DBA,DBA,Pro Cash Group 478 Leads with Positions 29JAN2025(1)(2)_Pro Cash Group 478 Leads with P.csv
ADDRESS,ADDRESS,Pro Cash Group 478 Leads with Positions 29JAN2025(1)(2)_Pro Cash Group 478 Leads with P.csv
OWNER 1,OWNER 1,Pro Cash Group 478 Leads with Positions 29JAN2025(1)(2)_Pro Cash Group 478 Leads with P.csv
D.O.B.,D.O.B.,Pro Cash Group 478 Leads with Positions 29JAN2025(1)(2)_Pro Cash Group 478 Leads with P.csv
EMAIL,EMAIL,Pro Cash Group 478 Leads with Positions 29JAN2025(1)(2)_Pro Cash Group 478 Leads with P.csv
BUSINESSPHONE,BUSINESSPHONE,Pro Cash Group 478 Leads with Positions 29JAN2025(1)(2)_Pro Cash Group 478 Leads with P.csv
ALT PHONE,ALT PHONE,Pro Cash Group 478 Leads with Positions 29JAN2025(1)(2)_Pro Cash Group 478 Leads with P.csv
MONTHLY VOLUME,MONTHLY VOLUME,Pro Cash Group 478 Leads with Positions 29JAN2025(1)(2)_Pro Cash Group 478 Leads with P.csv
POSITION 1,POSITION 1,Pro Cash Group 478 Leads with Positions 29JAN2025(1)(2)_Pro Cash Group 478 Leads with P.csv
POSITION 2,POSITION 2,Pro Cash Group 478 Leads with Positions 29JAN2025(1)(2)_Pro Cash Group 478 Leads with P.csv
POSITION 3,POSITION 3,Pro Cash Group 478 Leads with Positions 29JAN2025(1)(2)_Pro Cash Group 478 Leads with P.csv
POSITION 4,POSITION 4,Pro Cash Group 478 Leads with Positions 29JAN2025(1)(2)_Pro Cash Group 478 Leads with P.csv
FIRSTNAME,FIRSTNAME,Pro Cash Group UCC Cell Phones 4FEB2025_Pro Cash Group UCC Cell Phones .csv
LASTNAME,LASTNAME,Pro Cash Group UCC Cell Phones 4FEB2025_Pro Cash Group UCC Cell Phones .csv
PHONE NUMBER,PHONE NUMBER,Pro Cash Group UCC Cell Phones 4FEB2025_Pro Cash Group UCC Cell Phones .csv
COMPANY NAME,COMPANY NAME,Pro Cash Group UCC Cell Phones 4FEB2025_Pro Cash Group UCC Cell Phones .csv
CONTACT NAME,CONTACT NAME,Pro Cash Group UCC Cell Phones 4FEB2025_Pro Cash Group UCC Cell Phones .csv
CONTACT TITLE CODE,CONTACT TITLE CODE,Pro Cash Group UCC Cell Phones 4FEB2025_Pro Cash Group UCC Cell Phones .csv
MAILING ADDRESS,MAILING ADDRESS,Pro Cash Group UCC Cell Phones 4FEB2025_Pro Cash Group UCC Cell Phones .csv
MAIL CITY NAME,MAIL CITY NAME,Pro Cash Group UCC Cell Phones 4FEB2025_Pro Cash Group UCC Cell Phones .csv
MAIL STATE ABBREV,MAIL STATE ABBREV,Pro Cash Group UCC Cell Phones 4FEB2025_Pro Cash Group UCC Cell Phones .csv
MAIL ZIP MEREGE,MAIL ZIP MEREGE,Pro Cash Group UCC Cell Phones 4FEB2025_Pro Cash Group UCC Cell Phones .csv
PRIMARY SIC CODE,PRIMARY SIC CODE,Pro Cash Group UCC Cell Phones 4FEB2025_Pro Cash Group UCC Cell Phones .csv
PRIMARY SIC DESC,PRIMARY SIC DESC,Pro Cash Group UCC Cell Phones 4FEB2025_Pro Cash Group UCC Cell Phones .csv
DELIVERY POINT BARCODE,DELIVERY POINT BARCODE,Pro Cash Group UCC Cell Phones 4FEB2025_Pro Cash Group UCC Cell Phones .csv
EMPLOYEE SIZE,EMPLOYEE SIZE,Pro Cash Group UCC Cell Phones 4FEB2025_Pro Cash Group UCC Cell Phones .csv
FILING DAY,FILING DAY,Pro Cash Group UCC Cell Phones 4FEB2025_Pro Cash Group UCC Cell Phones .csv
FILING MONTH,FILING MONTH,Pro Cash Group UCC Cell Phones 4FEB2025_Pro Cash Group UCC Cell Phones .csv
FILING YEAR,FILING YEAR,Pro Cash Group UCC Cell Phones 4FEB2025_Pro Cash Group UCC Cell Phones .csv
SALES VOLUME,SALES VOLUME,Pro Cash Group UCC Cell Phones 4FEB2025_Pro Cash Group UCC Cell Phones .csv
SEC PARTYNAME,SEC PARTYNAME,Pro Cash Group UCC Cell Phones 4FEB2025_Pro Cash Group UCC Cell Phones .csv
BUSINESS NAME,BUSINESS NAME,PRO CASH GROUP-3-28-24 -578-WITH LENDER AND PMT INFO -LESS THAN 90 (4)_Sheet1.csv
DBA,DBA,PRO CASH GROUP-3-28-24 -578-WITH LENDER AND PMT INFO -LESS THAN 90 (4)_Sheet1.csv
EIN,EIN,PRO CASH GROUP-3-28-24 -578-WITH LENDER AND PMT INFO -LESS THAN 90 (4)_Sheet1.csv
ADDRESS,ADDRESS,PRO CASH GROUP-3-28-24 -578-WITH LENDER AND PMT INFO -LESS THAN 90 (4)_Sheet1.csv
OWNER 1,OWNER 1,PRO CASH GROUP-3-28-24 -578-WITH LENDER AND PMT INFO -LESS THAN 90 (4)_Sheet1.csv
DOB,DOB,PRO CASH GROUP-3-28-24 -578-WITH LENDER AND PMT INFO -LESS THAN 90 (4)_Sheet1.csv
MERCHANT EMAIL,MERCHANT EMAIL,PRO CASH GROUP-3-28-24 -578-WITH LENDER AND PMT INFO -LESS THAN 90 (4)_Sheet1.csv
BUSINESS PHONE,BUSINESS PHONE,PRO CASH GROUP-3-28-24 -578-WITH LENDER AND PMT INFO -LESS THAN 90 (4)_Sheet1.csv
ALT PHONE 1,ALT PHONE 1,PRO CASH GROUP-3-28-24 -578-WITH LENDER AND PMT INFO -LESS THAN 90 (4)_Sheet1.csv
ALT PHONE 2,ALT PHONE 2,PRO CASH GROUP-3-28-24 -578-WITH LENDER AND PMT INFO -LESS THAN 90 (4)_Sheet1.csv
MONTHLY VOLUME,MONTHLY VOLUME,PRO CASH GROUP-3-28-24 -578-WITH LENDER AND PMT INFO -LESS THAN 90 (4)_Sheet1.csv
POSITION 1,POSITION 1,PRO CASH GROUP-3-28-24 -578-WITH LENDER AND PMT INFO -LESS THAN 90 (4)_Sheet1.csv
POS 2,POS 2,PRO CASH GROUP-3-28-24 -578-WITH LENDER AND PMT INFO -LESS THAN 90 (4)_Sheet1.csv
POS 3,POS 3,PRO CASH GROUP-3-28-24 -578-WITH LENDER AND PMT INFO -LESS THAN 90 (4)_Sheet1.csv
POS 4,POS 4,PRO CASH GROUP-3-28-24 -578-WITH LENDER AND PMT INFO -LESS THAN 90 (4)_Sheet1.csv
POS 5,POS 5,PRO CASH GROUP-3-28-24 -578-WITH LENDER AND PMT INFO -LESS THAN 90 (4)_Sheet1.csv
POS 6,POS 6,PRO CASH GROUP-3-28-24 -578-WITH LENDER AND PMT INFO -LESS THAN 90 (4)_Sheet1.csv
POS 7,POS 7,PRO CASH GROUP-3-28-24 -578-WITH LENDER AND PMT INFO -LESS THAN 90 (4)_Sheet1.csv
FIRST,FIRST,SMS.20K NYC.051425_2_SMS.20K NYC.051425.csv
LAST,LAST,SMS.20K NYC.051425_2_SMS.20K NYC.051425.csv
BUSINESS,BUSINESS,SMS.20K NYC.051425_2_SMS.20K NYC.051425.csv
PHONE,PHONE,SMS.20K NYC.051425_2_SMS.20K NYC.051425.csv
STATE,STATE,SMS.20K NYC.051425_2_SMS.20K NYC.051425.csv
TIMEZONE,TIMEZONE,SMS.20K NYC.051425_2_SMS.20K NYC.051425.csv
LINE TYPE,LINE TYPE,SMS.20K NYC.051425_2_SMS.20K NYC.051425.csv
LINE STATUS,LINE STATUS,SMS.20K NYC.051425_2_SMS.20K NYC.051425.csv
FIRST,FIRST,SMS.20K NYC.051425_SMS.20K NYC.051425.csv
LAST,LAST,SMS.20K NYC.051425_SMS.20K NYC.051425.csv
BUSINESS,BUSINESS,SMS.20K NYC.051425_SMS.20K NYC.051425.csv
PHONE,PHONE,SMS.20K NYC.051425_SMS.20K NYC.051425.csv
STATE,STATE,SMS.20K NYC.051425_SMS.20K NYC.051425.csv
TIMEZONE,TIMEZONE,SMS.20K NYC.051425_SMS.20K NYC.051425.csv
LINE TYPE,LINE TYPE,SMS.20K NYC.051425_SMS.20K NYC.051425.csv
LINE STATUS,LINE STATUS,SMS.20K NYC.051425_SMS.20K NYC.051425.csv
COMPANY,COMPANY,STACKED 1_2_25-305 (2)_Sheet1.csv
OWNER,OWNER,STACKED 1_2_25-305 (2)_Sheet1.csv
EMAIL,EMAIL,STACKED 1_2_25-305 (2)_Sheet1.csv
PHONE 1,PHONE 1,STACKED 1_2_25-305 (2)_Sheet1.csv
PHONE 2,PHONE 2,STACKED 1_2_25-305 (2)_Sheet1.csv
ADDRESS,ADDRESS,STACKED 1_2_25-305 (2)_Sheet1.csv
DATE,DATE,STACKED 1_2_25-305 (2)_Sheet1.csv
REVENUE PER MONTH,REVENUE PER MONTH,STACKED 1_2_25-305 (2)_Sheet1.csv
LOANS,LOANS,STACKED 1_2_25-305 (2)_Sheet1.csv
TYPE,TYPE,STACKED MCA 2_26_25-500 NEW FILE (1)_Sheet1.csv
BUSINESS NAME,BUSINESS NAME,STACKED MCA 2_26_25-500 NEW FILE (1)_Sheet1.csv
DBA,DBA,STACKED MCA 2_26_25-500 NEW FILE (1)_Sheet1.csv
ADDRESS,ADDRESS,STACKED MCA 2_26_25-500 NEW FILE (1)_Sheet1.csv
OWNER 1,OWNER 1,STACKED MCA 2_26_25-500 NEW FILE (1)_Sheet1.csv
D.O.B.,D.O.B.,STACKED MCA 2_26_25-500 NEW FILE (1)_Sheet1.csv
EMAIL,EMAIL,STACKED MCA 2_26_25-500 NEW FILE (1)_Sheet1.csv
BUSINESSPHONE,BUSINESSPHONE,STACKED MCA 2_26_25-500 NEW FILE (1)_Sheet1.csv
ALT PHONE,ALT PHONE,STACKED MCA 2_26_25-500 NEW FILE (1)_Sheet1.csv
MONTHLY VOLUME,MONTHLY VOLUME,STACKED MCA 2_26_25-500 NEW FILE (1)_Sheet1.csv
POSITION 1,POSITION 1,STACKED MCA 2_26_25-500 NEW FILE (1)_Sheet1.csv
POSITION 2,POSITION 2,STACKED MCA 2_26_25-500 NEW FILE (1)_Sheet1.csv
POSITION 3,POSITION 3,STACKED MCA 2_26_25-500 NEW FILE (1)_Sheet1.csv
POSITION 4,POSITION 4,STACKED MCA 2_26_25-500 NEW FILE (1)_Sheet1.csv
POSITION 5,POSITION 5,STACKED MCA 2_26_25-500 NEW FILE (1)_Sheet1.csv
POSITION 6,POSITION 6,STACKED MCA 2_26_25-500 NEW FILE (1)_Sheet1.csv
POSITION 7,POSITION 7,STACKED MCA 2_26_25-500 NEW FILE (1)_Sheet1.csv
JERRY,JERRY,STACKED MCA 2_26_25-500 NEW FILE (1)_Sheet1.csv
EFFECTIVE,EFFECTIVE,STACKED MCA 2_26_25-500 NEW FILE (1)_Sheet1.csv
LUXLENDING,LUXLENDING,STACKED MCA 2_26_25-500 NEW FILE (1)_Sheet1.csv
FIRST UNION,FIRST UNION,STACKED MCA 2_26_25-500 NEW FILE (1)_Sheet1.csv
LENDEFIED,LENDEFIED,STACKED MCA 2_26_25-500 NEW FILE (1)_Sheet1.csv
GOMEZ CAPITAL,GOMEZ CAPITAL,STACKED MCA 2_26_25-500 NEW FILE (1)_Sheet1.csv
BROOKEVALE FUNDING,BROOKEVALE FUNDING,STACKED MCA 2_26_25-500 NEW FILE (1)_Sheet1.csv
MBF,MBF,STACKED MCA 2_26_25-500 NEW FILE (1)_Sheet1.csv
MCADEBTRELIEF,MCADEBTRELIEF,STACKED MCA 2_26_25-500 NEW FILE (1)_Sheet1.csv
CURRENT CAP,CURRENT CAP,STACKED MCA 2_26_25-500 NEW FILE (1)_Sheet1.csv
SMB FUNDING,SMB FUNDING,STACKED MCA 2_26_25-500 NEW FILE (1)_Sheet1.csv
ANDREW WALKER,ANDREW WALKER,STACKED MCA 2_26_25-500 NEW FILE (1)_Sheet1.csv
EXPRESS,EXPRESS,STACKED MCA 2_26_25-500 NEW FILE (1)_Sheet1.csv
AARON ACE PARTNERS,AARON ACE PARTNERS,STACKED MCA 2_26_25-500 NEW FILE (1)_Sheet1.csv
CERULEAN,CERULEAN,STACKED MCA 2_26_25-500 NEW FILE (1)_Sheet1.csv
PROTO,PROTO,STACKED MCA 2_26_25-500 NEW FILE (1)_Sheet1.csv
YOUR LENDER NOW,YOUR LENDER NOW,STACKED MCA 2_26_25-500 NEW FILE (1)_Sheet1.csv
LODESTAR,LODESTAR,STACKED MCA 2_26_25-500 NEW FILE (1)_Sheet1.csv
ELITE,ELITE,STACKED MCA 2_26_25-500 NEW FILE (1)_Sheet1.csv
FASTFUNDS,FASTFUNDS,STACKED MCA 2_26_25-500 NEW FILE (1)_Sheet1.csv
DIAMOND DEBT,DIAMOND DEBT,STACKED MCA 2_26_25-500 NEW FILE (1)_Sheet1.csv
NXG,NXG,STACKED MCA 2_26_25-500 NEW FILE (1)_Sheet1.csv
NCP,NCP,STACKED MCA 2_26_25-500 NEW FILE (1)_Sheet1.csv
CORNELL,CORNELL,STACKED MCA 2_26_25-500 NEW FILE (1)_Sheet1.csv
GMF,GMF,STACKED MCA 2_26_25-500 NEW FILE (1)_Sheet1.csv
CLICK2,CLICK2,STACKED MCA 2_26_25-500 NEW FILE (1)_Sheet1.csv
VP CREDIT,VP CREDIT,STACKED MCA 2_26_25-500 NEW FILE (1)_Sheet1.csv
PROCASH,PROCASH,STACKED MCA 2_26_25-500 NEW FILE (1)_Sheet1.csv
UNITED FUNDS,UNITED FUNDS,STACKED MCA 2_26_25-500 NEW FILE (1)_Sheet1.csv
NATIONAL CREDIT,NATIONAL CREDIT,STACKED MCA 2_26_25-500 NEW FILE (1)_Sheet1.csv
CAPITALIZE,CAPITALIZE,STACKED MCA 2_26_25-500 NEW FILE (1)_Sheet1.csv
PROSORCELG,PROSORCELG,STACKED MCA 2_26_25-500 NEW FILE (1)_Sheet1.csv
WEBSTER,WEBSTER,STACKED MCA 2_26_25-500 NEW FILE (1)_Sheet1.csv
X FUND LLC,X FUND LLC,STACKED MCA 2_26_25-500 NEW FILE (1)_Sheet1.csv
BROOKS,BROOKS,STACKED MCA 2_26_25-500 NEW FILE (1)_Sheet1.csv
JEAN,JEAN,STACKED MCA 2_26_25-500 NEW FILE (1)_Sheet1.csv
GET CAP NOW,GET CAP NOW,STACKED MCA 2_26_25-500 NEW FILE (1)_Sheet1.csv
LEXINGTON,LEXINGTON,STACKED MCA 2_26_25-500 NEW FILE (1)_Sheet1.csv
REGION,REGION,STACKED MCA 2_26_25-500 NEW FILE (1)_Sheet1.csv
FUNDING ZONE,FUNDING ZONE,STACKED MCA 2_26_25-500 NEW FILE (1)_Sheet1.csv
SPARTAN,SPARTAN,STACKED MCA 2_26_25-500 NEW FILE (1)_Sheet1.csv
QUICK BIZ,QUICK BIZ,STACKED MCA 2_26_25-500 NEW FILE (1)_Sheet1.csv
FINE LAW,FINE LAW,STACKED MCA 2_26_25-500 NEW FILE (1)_Sheet1.csv
SOS (BWL),SOS (BWL),STACKED MCA 2_26_25-500 NEW FILE (1)_Sheet1.csv
AVI,AVI,STACKED MCA 2_26_25-500 NEW FILE (1)_Sheet1.csv
INFUSION,INFUSION,STACKED MCA 2_26_25-500 NEW FILE (1)_Sheet1.csv
NUWAVE,NUWAVE,STACKED MCA 2_26_25-500 NEW FILE (1)_Sheet1.csv
LENDPAL,LENDPAL,STACKED MCA 2_26_25-500 NEW FILE (1)_Sheet1.csv
BUSINESS NAME,BUSINESS NAME,transcribed 20 9-15-22_Sheet1.csv
BUSINESS TYPE,BUSINESS TYPE,transcribed 20 9-15-22_Sheet1.csv
BUSINESS START DATE,BUSINESS START DATE,transcribed 20 9-15-22_Sheet1.csv
EIN,EIN,transcribed 20 9-15-22_Sheet1.csv
MOBILE,MOBILE,transcribed 20 9-15-22_Sheet1.csv
EMAIL,EMAIL,transcribed 20 9-15-22_Sheet1.csv
SSN,SSN,transcribed 20 9-15-22_Sheet1.csv
OWNER NAME,OWNER NAME,transcribed 20 9-15-22_Sheet1.csv
BIRTH DATE,BIRTH DATE,transcribed 20 9-15-22_Sheet1.csv
ADDRESS STREET,ADDRESS STREET,transcribed 20 9-15-22_Sheet1.csv
CITY,CITY,transcribed 20 9-15-22_Sheet1.csv
STATE,STATE,transcribed 20 9-15-22_Sheet1.csv
ZIP,ZIP,transcribed 20 9-15-22_Sheet1.csv
MONTHLY REVENUE,MONTHLY REVENUE,transcribed 20 9-15-22_Sheet1.csv
CREDIT SCORE,CREDIT SCORE,transcribed 20 9-15-22_Sheet1.csv
BUSINESS NAME,BUSINESS NAME,transcribed 20 9-18-22_Sheet1.csv
BUSINESS TYPE,BUSINESS TYPE,transcribed 20 9-18-22_Sheet1.csv
BUSINESS START DATE,BUSINESS START DATE,transcribed 20 9-18-22_Sheet1.csv
EIN,EIN,transcribed 20 9-18-22_Sheet1.csv
MOBILE,MOBILE,transcribed 20 9-18-22_Sheet1.csv
EMAIL,EMAIL,transcribed 20 9-18-22_Sheet1.csv
SSN,SSN,transcribed 20 9-18-22_Sheet1.csv
OWNER NAME,OWNER NAME,transcribed 20 9-18-22_Sheet1.csv
BIRTH DATE,BIRTH DATE,transcribed 20 9-18-22_Sheet1.csv
ADDRESS STREET,ADDRESS STREET,transcribed 20 9-18-22_Sheet1.csv
CITY,CITY,transcribed 20 9-18-22_Sheet1.csv
STATE,STATE,transcribed 20 9-18-22_Sheet1.csv
ZIP,ZIP,transcribed 20 9-18-22_Sheet1.csv
MONTHLY REVENUE,MONTHLY REVENUE,transcribed 20 9-18-22_Sheet1.csv
CREDIT SCORE,CREDIT SCORE,transcribed 20 9-18-22_Sheet1.csv
NAME,NAME,Transcribed -30_Sheet1.csv
BUSINESS TYPE,BUSINESS TYPE,Transcribed -30_Sheet1.csv
BUSINESS START DATE,BUSINESS START DATE,Transcribed -30_Sheet1.csv
EIN,EIN,Transcribed -30_Sheet1.csv
PHONE,PHONE,Transcribed -30_Sheet1.csv
EMAIL,EMAIL,Transcribed -30_Sheet1.csv
SSN,SSN,Transcribed -30_Sheet1.csv
OWNER NAME,OWNER NAME,Transcribed -30_Sheet1.csv
BIRTH DATE,BIRTH DATE,Transcribed -30_Sheet1.csv
ADDRESS STREET,ADDRESS STREET,Transcribed -30_Sheet1.csv
STATE,STATE,Transcribed -30_Sheet1.csv
ZIP,ZIP,Transcribed -30_Sheet1.csv
MONTHLY REV,MONTHLY REV,Transcribed -30_Sheet1.csv
NAME,NAME,transcribed -30-9-15-22_Sheet1.csv
BUSINESS TYPE,BUSINESS TYPE,transcribed -30-9-15-22_Sheet1.csv
BUSINESS START DATE,BUSINESS START DATE,transcribed -30-9-15-22_Sheet1.csv
EIN,EIN,transcribed -30-9-15-22_Sheet1.csv
PHONE,PHONE,transcribed -30-9-15-22_Sheet1.csv
EMAIL,EMAIL,transcribed -30-9-15-22_Sheet1.csv
SSN,SSN,transcribed -30-9-15-22_Sheet1.csv
OWNER NAME,OWNER NAME,transcribed -30-9-15-22_Sheet1.csv
BIRTH DATE,BIRTH DATE,transcribed -30-9-15-22_Sheet1.csv
ADDRESS STREET,ADDRESS STREET,transcribed -30-9-15-22_Sheet1.csv
STATE,STATE,transcribed -30-9-15-22_Sheet1.csv
ZIP,ZIP,transcribed -30-9-15-22_Sheet1.csv
MONTHLY REVENUE,MONTHLY REVENUE,transcribed -30-9-15-22_Sheet1.csv
COMPANY NAME,COMPANY NAME,UCCs_Cell Phones 5000 10.27.22(2)_ UCCs_Cell Phones 5000 10.27.22.csv
CONTACT NAME,CONTACT NAME,UCCs_Cell Phones 5000 10.27.22(2)_ UCCs_Cell Phones 5000 10.27.22.csv
CONTACT TITLE CODE,CONTACT TITLE CODE,UCCs_Cell Phones 5000 10.27.22(2)_ UCCs_Cell Phones 5000 10.27.22.csv
MAILING ADDRESS,MAILING ADDRESS,UCCs_Cell Phones 5000 10.27.22(2)_ UCCs_Cell Phones 5000 10.27.22.csv
MAIL CITY NAME,MAIL CITY NAME,UCCs_Cell Phones 5000 10.27.22(2)_ UCCs_Cell Phones 5000 10.27.22.csv
MAIL STATE ABBREV,MAIL STATE ABBREV,UCCs_Cell Phones 5000 10.27.22(2)_ UCCs_Cell Phones 5000 10.27.22.csv
MAIL ZIP MERGE,MAIL ZIP MERGE,UCCs_Cell Phones 5000 10.27.22(2)_ UCCs_Cell Phones 5000 10.27.22.csv
MAIL CRCODE,MAIL CRCODE,UCCs_Cell Phones 5000 10.27.22(2)_ UCCs_Cell Phones 5000 10.27.22.csv
PHONE NUMBER,PHONE NUMBER,UCCs_Cell Phones 5000 10.27.22(2)_ UCCs_Cell Phones 5000 10.27.22.csv
FAX NUMO,FAX NUMO,UCCs_Cell Phones 5000 10.27.22(2)_ UCCs_Cell Phones 5000 10.27.22.csv
PRIMARY SIC CODE,PRIMARY SIC CODE,UCCs_Cell Phones 5000 10.27.22(2)_ UCCs_Cell Phones 5000 10.27.22.csv
PRIMARY SIC DESC,PRIMARY SIC DESC,UCCs_Cell Phones 5000 10.27.22(2)_ UCCs_Cell Phones 5000 10.27.22.csv
DELIVERY POINT BARCODE,DELIVERY POINT BARCODE,UCCs_Cell Phones 5000 10.27.22(2)_ UCCs_Cell Phones 5000 10.27.22.csv
EMPLOYEE SIZE,EMPLOYEE SIZE,UCCs_Cell Phones 5000 10.27.22(2)_ UCCs_Cell Phones 5000 10.27.22.csv
SALES VOLUME,SALES VOLUME,UCCs_Cell Phones 5000 10.27.22(2)_ UCCs_Cell Phones 5000 10.27.22.csv
FILING DAY,FILING DAY,UCCs_Cell Phones 5000 10.27.22(2)_ UCCs_Cell Phones 5000 10.27.22.csv
FILING MONTH,FILING MONTH,UCCs_Cell Phones 5000 10.27.22(2)_ UCCs_Cell Phones 5000 10.27.22.csv
FILING YEAR,FILING YEAR,UCCs_Cell Phones 5000 10.27.22(2)_ UCCs_Cell Phones 5000 10.27.22.csv
SEC PARTYNAME,SEC PARTYNAME,UCCs_Cell Phones 5000 10.27.22(2)_ UCCs_Cell Phones 5000 10.27.22.csv
FIRSTNAME,FIRSTNAME,UCCs_Cell Phones 5000 10.27.22(2)_ UCCs_Cell Phones 5000 10.27.22.csv
LASTNAME,LASTNAME,UCCs_Cell Phones 5000 10.27.22(2)_ UCCs_Cell Phones 5000 10.27.22.csv
